,,,,,,,,,,,,,,,,,,,,,,,,,,,,,,,,,,,,,,,,,,,,,,,,,,,,,,,,,,,,,,lc,Q,,,,,,,,,,,,,,,,,,,,,,,,,,,,,,,,,,,,,,,,,,,,,,,,,,,,,,,,,,,,,,,,,sc,,,,,,,,,,,,,,,,Q,,,,,,,,,,,,,,,,,,,,,,,,,,,,,,,,,,,sc,,,,,,,,,,,,,,,,sc,,,,,,,,,,,,,,,,,,lc,,,,,,,,,,,,,,,,,,,,,,,,,,,,,,,,,,
,,,,,,,,,,,,,Q,,,Q,,,,,,,,,,,,,,,,,,,,,,,,,,,,,,,,,,,,,,,Q,,,,,,,,,,,,,,,,,,,,,,,,,,,,,,,,,,,,,,,,,,,,,,,,,,,,,,,,,,,,,,,,,,,,,,,,,,,,,,,,,,,,,,,,,,,,,,,,,,,Q,,,,,,,,,,,,,,Q,,,,,,,,,,,,,,,,,,,,,,,,,,,,Q,,Q,,,,,,,,,,,,,,,,,,,,,,,,,,,,,,,,,,,,,,,,,,,,Q,,Q,Q,,
,,,,as,,,,,,,,,,,,,,,,,,,,,,,,,,,,,,,,,,,,,,,,,,,,,,,,,,,,,,,,,,,,,,,,,,,,,,,,,,,,,,,,,,,,,Q,,,,,,,,,ps,,,,,,,,,,Q,,,,,,,,,,,,,,,Q,,Q,,,,,,,,,,,,,as,,,,,,,Q,,,,,,,,,,,,,,,,,,,,,as,,,,,,,,,,,,,,,,,sm,,,,,,,,,,,,,,,,,,,,,,,,,as,,,,,,,,,,,,,,,,,,,,,,,,,,sm,,,,,,,,,,,,,
,,,,,,as,,,,,,,,,,,,,,,,Q,,,,,,,,,,,,,,,,,,,,,,,,,,,,,,,,,,,,,,,,,,,,,,,,,,,,,,,,,,,,,,,,,,,,,,,,,,,,,,,,,,,,,,,,,,,,,,,,,,,,,,,,,,,,,,,,,,,,,,,,,,,,,,,,,,,,cb,,,,,,,,,,,,,,,,,,,,,,,,,,,,,,,ps,,,,,,,,,,,,,,,,,,,,,,,,,,,,,,,,,,,,,,,,,,,,,,,,,,,,,,,,,,,,,,
,,,,,,,,,,,,,,,,,,,,,,,,,,,,,,,,,,,,,,,,,,,,,,,,,,,as,,,,,,,,,,,,,,,,,,,,,,,,,,,,,,,,,,,,,,,,,,,,,,,,Q,,,,,,,,,,,,,,,,,sm,,,,,,,,,,,,,,,,,sm,,,,,,sm,,,,,,,,,,,,,,,,,,,,,,,,,,,,,,,,,,,,,,,,,,,,,,,,,,,,,,,,,,,,,,,,,,,,,,,,,,,,,,,,,,,,,,,,,,,,,,,,,,,,,,,,,,,,
,,,,,,,,,,,,,,,,,,,,,,,,,,,,,,,,,,,,,,,,,Q,,,,,,,,,,,,,,,,,,,,,,,,,,,,lc,,,,,,,,,,,,,,,,,,,,,,,,,,,,,,,,,,,,,,,,sc,,,,,,,,,,,,,,,,,,,,,,,,,,,,,,,,,,,,,,,,,,,,,,,,,,,,,,,,,,,,,,,,,,,sc,,,,,,,,,,,Q,,,,,,,,,,,,,,,,,,,,,,Q,,,,,,,,,Q,,,,,,,,,,,,,,,,,,,,,,,,,,ps,,,
,as,,,,,,,,,,,,,,,,,,,,,,,,,,,,,,,Q,,,,,,,,,,,,,,,,,,,,,,,,,,,,,,,,,,,,,,,,,ps,,,,,,,,,,,,,,Q,,,,,,,,,,,,,,,,,,,,,,,,,,,,,,,,,,,,,,,,,,,,,,,,,,,,,,,,,,,,,,,,,,,,,,,,,,,,,,,,,,,,,,,,,,,,,,,,,,,,,,,,,,,,,,,,,,,,,,,,,,,,Q,,,,,,,,,,,,,,,,,cb,,,ps,,,,,,,,,,,,,,,,
,,,,,,,,,,,cb,,,,,,,,,,,,,,,,,,,,,,,,,,,,,,,,,,,,,,,,,,,,,,,,,,,,,,sm,,,,,,,,,,,,,,,,,,,,,,,,,,,,,,,,,,,,,,,,sc,,,,sc,,,,,,,,,,,,,,sc,,,,,,,,,,,,,,,,,,,,,,,,,,,,,,,,,,,,,,as,,,,,,,,,,,,ps,,,,,,,,,,,,,,,,,,,,,,,,,,,,,,,,,,sc,,,,,,,,,,,,,,,,,,,,,,,,,,,,,,,,Q,,,,,,,,
,,,,,,,,,,,,,,,,,,,,,,,,,,,,,,,,,,,,,,,,,,,,,,,,,,,,,,,,,,,,,,,,,,,,,,,,,,,,,,,,,,,,,,,,,,,,,,,,,,,,,,,,,,,,,,,,,,,,,,,,,,,,,,,,,,,,,,,,,,,,,,,,,,,,,,,,,,,,,,,,,,,,,,,,,,,,,,,,,,,,,,,,,,,,,,,,,,,,,,,,,,,,,,,,,,,,,,,Q,,,,,,,,,,,,,,,,,,,,,,,,,,,,,,,,
,,,,,,,,,,,,,,,,,,,,,,,,,,,,,,,,,,,,,,,,,,,,,,,,,,,Q,Q,,,,,,,Q,,,,,,,,,,,,,,,,,,,,,,,,,,,,,,,,,,,,,,,,,,,,,,,,,,,,,,,,,,,,,,,,,,,,,Q,,,,,,,,,,,,,,,,,,,,,,,,,,,,,,,,,,,,,,,,,,,,,,,,,,,,,,,,,,,,,,,,,,,,,,,,,,,,,,,,,,,,,,,,,,,,,,,,,,,,,,,,,,,,,,,,,,,,,,,
,,,,,,,,,,,,,,,,,,,,,,,,,,,,,,,,,,,,,,,,,,,,,,,,sc,,,,,,,,,lc,,,,,,,,,,,,,,cb,,,,,,,,,,,,,,,,,,Q,,,,,,,,,,,,,,,,,,,Q,,,,,,,,,,,,,,,Q,,Q,,,,,,,,,,,,,,,,,,,,Q,,,,,sc,,,,,,,,,,,,,,,,,,,,,,,ps,,,,,,,,,,,,,,,,,,,,,,,,,,,,,,,ps,,,,,,,,,lc,,,,,,,,,,,,,,,,,,,,,,,,,,,,,,,,,,
,,,,,,,,,,,,,,,,,,,,,,,,,,,,,,,,,,,,,,,,,,,,,,,,,,,,,cb,,,,,,,,,,,,,,,,,,,,,,,,,,,,,,,,,,,,,,,,,,,,,,,,,,,,,,,,,,lc,,,,,,,,,,,,,,,,,,,,,,,,,,,,,,,,,,,,,,,,,,,,,,,,,,,,,,,,,,,,,,,,,,,,,,,,,,,,,,,,,,,,,,,,,,,,,,,,,,,,,,lc,,,,,,,,,,,,,,,,,,,,,,,,,,,,,,,,,,
,,,sm,,,,,,,,,,,,,,,,,,,,,,,,,,,,,,,,,,,,,,,,,,,,,,,,,,,,,,,,,,,,,as,,,,,,,,,,,,,,,,,,,,,,,,,,,,,,,,,,,,,,,,,,,,,,,,,,,,,,,,,,,sc,,,,,,,,,,,,,,,as,,,,,,,,sm,,,,,,,,,,,,,,,,,as,,,,,,,,,,,,,,,,,,,,,,,,,,,,,,,,,,,,,,,,,,Q,,,,,,,,,,,,,,,,,,,sc,Q,,,,,,,,,,,,,cb,,,,,,,,,
,,lc,,as,,,,as,,,,,,,,,,,,,,,,,,,,,,,,,,,,,,,,,,,,,,,,,,,,,,,,,,,,,,,,,,,,,,,,,,,,,,,,,,,,,,,,,,,,,,,,,,,,,,,,,,,,,,,,,,,,,,,,,,,,,,,,,lc,,,,,,,,,,,,,,,,,,,,,,,,,,,,,,,,,,,,,,,,,,,,,,,,,,,,,,,,,,,,,,,,,,,,lc,,,,,,,,Q,,,,,,,,,,,,,,,,,,,,Q,,,,,,,,,,,,,,,,,,,,,,
,,,,,,,,,,,,,,,,,,,,,,,,,,,,,,,,,,,,,,,,,,,,,,,,,,,,,,,,,,,,,,,,,,,,,,,,,,,,,,,,,,Q,Q,,,,,,,,,,,,,,,,,,,,,,,,,,,,,,,,,,,,,,,,,,,,,,,Q,Q,,,,,,,,,,,Q,Q,,,,,,,Q,,,,,,,,,,,,,,,,,,,,,,,,,,,,,,,,,,,,,,,,,,,,,,,,,,,,,,,,,,,,,,,,,,,,,,,,,,,,,Q,,,,,,,,,,,,,,,,,,,,
,,,,,,,,,,,,,,,,,,,,,,,,,,,,,,ps,,,,,,,,,,,,,,,,,,,,,,,,,,,,,,,,,,,,,,,,,,,,,as,,,,,,,,,,,,,,,,,,,,,,,,,,,,,,,,,,,,,,,,,,,,,,,,,,,,,,,,,,,,,,,,,,,,,,,,,as,,,,,,,,,,,Q,,lc,,,,,,,,,,,,,,,,,,,,,,,,,,,,,,,,,,,,,,,,ps,,Q,,,,,,,,,,,,,,,,,,,,,,,,,,,,,,,,,,,,,,,,,,,,
sc,,,,,,,,,,,,,,,,,,,,,,,,,,,,,,,,,,,,,,,,,,,,,,,,,,,,,,,,,,,,,,,,,,,,,,,,,,,,,,,,,,,,,,,,,,,,,,,,,,,,,,,,,,,,,,,,,,,,,,,,,,,,,,,,,,,,,,,,,,,,,,,,,,,,,,,,,,,,,,,,,,,,,,,,,,,,,,,,,,,,,,,,,,,,,,,,,,,,,,,,,,,,,,,,,,,,,,,,,,,,,,,,,,,,,,,,,,,,,,,,,,,,,,,
,,,,,,,,,,,,,,,,,,,,,,,,,,,,,,,,,,,,,,,,,,,,,,,lc,,,,,,,,,,,,,,,,,,,,,,,,,,,,,,,,,,,,,,,,,,,,,,,,,,,,,,,,,,,,,,,,,,,,,,,,,,,,,,,,,,,,,,,,,,,,,,,,,,,,,,,,,,,,,,,,,,,,,,,,,,,,,,,,,,,,,,,,,,,,,,,,,,,,,,,,,,,,,,,,,,,,,,,,,,,,,,,,,,,,,,,,,,,,,,,,,,,,,,,,
,,,,,,,,,,,,,,,,,,,,,,,,,,,,,,,,,,,,,lc,,,,,,,,,,,,,,,,,,,,,lc,,,,,,,,,,,,,,,,ps,,,,,,,,,,,,,,,,,,,,,,,,,,,,,,,,,,,,,,,,,,,,,,sc,,,,,,,,,,,,,,,,ps,,,,,,,,,,,,,,,,,,,,,,,,,,,,,,,,,,,,,,,,,,,,,,,,,,,lc,,,,,,,,,,,,,,ps,,,,,,,,,,,,,,,,,,,,,,,,,,,,,,,,,,,,,,Q,lc,,,,,,,
,,,,,,,,,,,,,,,,,,,,,,,,,,,,,,,,,,,,,,,,,,,,,,,,,,,,,,,,,,,,,,,,,,,,,,,,,,,,,,,,,,,,,,,,,,,,,,,,,,,,,,,,,,,,,,,,,,,,,,,,,,,,,,,,,,,,,,,,,,,,,,,,,,,,,,,,,,,,,,,,,,,,,,,,,,,,,,,,,,,,,,,Q,,,,,,,,,Q,,,,,,,,,,,,,,,,,,,,,,,,,,,,,,,,,,,,,,,,,,,,,,,,,,,,,,,
,,,,,,,,,,,,,,,,,,,,,,,,,,,,,,,,as,,,,,,,,,,,,,,,,,,as,,,,,,,,,lc,,,,,,,,,,,,,,,,,,,,,,,,,,,,,,cb,,,,,,,,,ps,,,,,,,,,,,,,,,,,,,,,,,,,,,,,,,,,,,,,,,,,,,,,,,,,,,,,,,,,,,,,,,,,,,,,,,,,,,,,,,,,,,,,,,,,,,,,,,,,,,,lc,,,,,,,,,,,,,,,lc,,,,,,,,,,,,,,,,,,,,,,,,,,,,,,,,,,
,,,,,,as,,,,,,,,,,,,,,,,,,,,,,,,,,,Q,,,,Q,,,,,,,,,lc,,,,,,,,,,,,,,,,,,,,,,,Q,,,,,,,,,,,,,,,,,,,,,,,,,,,,,,,,,,,,,,,,,,,,,,,,,,,,,,,,as,,,,,,,,,,,,Q,,,,,,,,,,,,,,,,,,,,,,,,,,,,cb,,,,,,,,,,,,,,,,,,,,,,,,,,,,,,,,,,,as,,,,,,,,,,,,,,,,,,,,,,,,,,,,,,,,,,,,,,,,,,,,,,,
,,,,,,,,,,,,ps,,,,,,,,,,,,,,,,,,,,,,,,,,,,,,,,,,,,,,,,,,,,,,,,,,,,,,,,,,,,,,,,,,,,,,,,,,,,,,,,ps,,,sc,,,,,,,,,,,,,,,,,,,,,,,,,,,,,,,,,,,,,,,,,,,,,,,,,,,,,,,,,,,,,,sc,,Q,,,,,,,,,,lc,,,,,,,sc,,,,,,,,,,,,,,,,,,,,,,,,,,,Q,,,,,,,,,,,,,,,,,,,,sc,,,,,,,,,,,,,,,,,,,,,,,,
,,,,,,,,,,,,,,,,,,,,,,,,,,sm,,,,,,,,,,,,,,,,,,,,,,,,,,,,,,,,,,,,,,,,,,,,,cb,,,,,,,,,,,,,,,,,,,,,,,,,,,,,,,,,,,,,,,,,,,,,,,,,,,,,,,,,,,,,,,,,,,,,,,,,,,,,,,,,,,,,,,,,,,,,,,,,,,,,,,,,,,,,,,,,,,,,,,,,,,,,,Q,,,,,,,,,,,,,,,,,,,,,,,sm,,,,,,Q,,,,,,,,,,,,,,,,,,,,,
,,,,,,,,,,,,,,,,,,,,,,,,,,,,,,,,,,,,,,,,,,,,,,,,,,,,,,,,,,,,,,,,,,,,,,,,,,,,,,,,,,,lc,,,,,,,,,,,,,,,,as,,,,,,,,,,,,Q,,,,,,,,,,,,,,,,,,,,,,,,,,,,,,,,,,lc,,,,lc,,,,,,,,,,,,,,,,,,,,,,,,,,,,,,,,,,,,,,,,,,,,,,,,,,,,,,,,,,,,,,,,,,,,,,sm,,,,,,,,,,,,,,,,,sm,,,,,,,,,,,
,as,,,,,,,,,,,,,,,,,,,,,,,,,,,,,,,,,,,,,,,,,,,,,,,,,,,,,,,,,,,,,,,,,,,,,,,,,,,,,,,,,,,,,,,,,,,,,,,,,,,,,,,,,,,,,,,,,,,,,,,,cb,,,,,,,,,,,,,,,,,,,,,,,,,,,,,,,,,,,,,,,,,,,,,,,cb,,,,,,,,,,,,,,,,,,,,,,,,,,,,cb,,,,,,,,,,,,,,,,,,,,,,,,,,,,,,,,,,,,,,,,,,,,,,,,,,,
,,,,,,,,,,,,,,,,,lc,,,,,,,,,,,,,,,,,,,,,,,ps,,,sm,,,,,,,,,,,,,,,,,,,,,,,,,,,,,,,,,,,,,,,,,Q,,,,,,,,,Q,,,,,,,,,,,,,,,,,,,,,,,,,,,,,,,,,ps,sm,,,,,,,,,,,,,,,,,,,,,,,,,,,,,,,,,,,,,,,,,,,,,,,,,,,,,,,,sm,,,,,,,,,,,,,,,,,,,,,,,,,,,,,,,,,,,,,,,,,,,,,,,,,,,sm,,,,,,,,,,,ps,,
,,,,,,,,,,,,,,,,,,,,,as,,,,sm,,,,,,,,,,,,,,,,,,,,,,,,,,,,,,,,,,,,,,,,,,,,,,,,,,,,,,,,,,,,,,,,,,,,,,Q,,,,,,,,,,,,,,,,,,,,,,,,,,,,,,,,,,,,,,,,,,,,,,,,,,,,,,,,,,,,,,,,,,,,,,,,,,,,,,,,,,,,,,,,,,,,,,,,,,,,,,,,,,,,,,,,,,,,,,,,,,,,,,,,,,,,,,,,,,,,,,,,,,,,,,,,sc
,,,,,,,,,,,,,,,,,,,,,,,,,,,,,,,,,,,,,,as,,,as,,,,,,,,,Q,,,,,,,,,,,,,,,,,,,,,,,,,,,sc,,,,,,,,,,,,,,sm,,,,,,,,,,,,,,Q,,,,,,,,,,,,,,,,,,,,,,,,,sm,,,,,,,,,,,,,,,,,Q,,,,,,Q,,,,,,,,,,,,,,Q,,,,,,,lc,,,lc,,,,,,,,,,,,,,,,Q,,,,,,,,,,,,,,,,,,,,,,,,,,,,,,Q,,,,,,,,,,,,,,,,,,sm,,,,,,
,,,,,,,,,,,,,,,,,,,,,,,,,,,,,,,,,,,,,,,,,,,,,,,,,,,,,,,,,,,,,,,,,,,,,,,,,,,,,,,,,,,,,,,,,,,,,,,,,,,,,,,,,,,,,,,,,,,,,,,,,,,,,,,,,,,,,,,,,,,,,,,,,,,,,,,,,,,,,,,,,,,,,,,,,,,,,,,,,,,,,,,,,,,,,,,,,,,,,,,,,,,,,,,,,,,,,,,,,,,,,,,,,,,,,,,,,,,,,,,Q,,,,,,,,
Q,,,sm,,,,,,,,,,,,,,,,,,,,,,,,,,,,,,,,,,,,,,,,,,,,,,,,,,,,,,,,,,,,,,,,,,,,,,,,,,,,,,,,,,,,,,,,,,,,,,,,,,,,,,,,cb,,,,,cb,,,,,,Q,Q,,,,,,,,,,,,,,,,,,,,,,,,,,,sm,,,,,,,,,,,,,,,,,,,,,,,,,,,,,,,,,,,,,,,,,,,,lc,,lc,,,,,,,,,,,,,,,,,,,,,,,,,,,,,,,,,,,,,,,,,,,,,,,,,,,,,,,
,,,,,,,,,,,,,,,Q,,,,,,,,,,,,,,,,,,,,,,,as,,,,,,sm,,,,,,,,,,,,,,,,,,,,,,,,,,,,,,,,,,,,,,,,,,,,,,,,,,,,,,,,,,,,,,,,,,,,,,,,,,,,,,,,,,,,,,,,,,,,,,,,,Q,,,,,,,,,,,,,,,,,,,,,,,,,,,,,,,,,,,,,,sc,,,,,,,,,,,,,lc,,,,,,,,,,,,,,,,,,,,,,,,,,,,,,,,,,Q,,,,,,,,,,,,,,,,,,,,,
,,,,,,,,,,,,,,,,,,,,,,,,,,,,,,,,,,,,,,,,,,,,,,,,,,,,,,,,,,,,,,,,,,,,,,,,,,,,,,,,,,,,,,,,,,,,,,,,,,,,,,,,,,,,,,,,,,,,,,,,,,,,,,,,,,,,,,,,,,,,,,,,,,,,,,,,,,,,,,,,,,,,,,,,,,,,,,,,,,,,,,,,,,,,,,,,,,,,,,,,,,,,,,,,,,,,,,,,,,,,,,,,,,,,,,,,,,,,,,,,,,,,,,,
,,,,,,,,,,,,,,,,,,,,,,,,,,,,,,,,,,,,,,,,,,,,sm,,,,,,,,,,,,,,,,,,,,,,,,,,,,,Q,,,,,,,,,,,,,,,,,ps,,,,,,,,,,,,,,,,,,,,,,,,,,,,,,,,,,,,,,,,,,,,,,,,,,,,,,,,,,,,,,,,,,,,,,,,,,,,,,,,,,,,,,,,,,,,,,,,,,,,,,,,,,,,,,,,,,,,,,,,,,,,,,,,,,,,,,,,,,,,,ps,,,,,,,,,,,,,,,,
,as,,,,,,,,,,,,,,,,,,,,,,,,,,,,,,,,,,,,,,,,,,,,,,,,,,,,,,,,,,,,,,,,,,,,,,,,,,,,,,,,,,,,,,,,,,,,,,,,,,,,,,,,,,,,,,,,,,,,,,,,cb,,,,,,,,,,,,,,Q,,,,,,,,,cb,,,,,,,,,,cb,,,,,,,,,,,,as,,,,,,,,,,,,,,,,,,,,,,,,,,,,,,,,,,,,,,,,,,,,,,,,,,,,lc,,,,,,,Q,,,,,,,,,,,,,,,,,,,,,,
,,,,,,,,,,,,,,,,,,,,,,,,,,,,,,,,,,,,,,,,,,,,,,,,,,,,,,,,,,,,,,,,,,,,,,,,,,,,,,,,,,,,,,,,,Q,,,,,,,,,,,,,,,,,,,Q,,,,,,,,,,,,,,,Q,,Q,,,,,,,,,,,,,,,,,,,,Q,,,,,,,,,,,,,,,,,,,,,,,,,,,,,,,,,,,,,,,,,,,,,,,,,,,,,,,,,,,,,,,,,,,,,,,,,,,,,,,,,,,,,,,,,,,,,,,,,,,,,,
,,,,,,,,,,,,,,,,,Q,,,,,,,,,,,,,,,,,,,,,,,,,,,,,,,,,,,,,,,,,,,,,,,,,,,,,,,as,,,as,,,,,,,,,,,,,,,,,,,,,,,,as,,,,,,,,,,,,,,,,,,,,,,,,,,,,,,,,,,,,,,,,,,,,,,,,,,,,,,,,,,,,,,,,,,,,,,,,,,,,,,,,,,,,,,,,,,,,,,,,,,,,,,,,,,,,,,,,,,,,,,,,,,,,,,,,,,,,,,,,,,,,,,,,,,,,
,,,,,,,,,,,,,,,,,,cb,,,,,,,,,,,,,,,,,,,,,,,,,,,Q,,,,,,Q,,,,,,,,,Q,,,,,,,,,,,,,,,,,,,,,,,,,,,,,,,,,,,,,,,,,,,,,,,,,,,,,,,,,,,,,,,,,,,,,,,,,,,,,,Q,,,,,,,,,,,,,,,,,,,,ps,ps,,,,,ps,Q,,,,,,,Q,,,,,,,,,lc,,,,,,,,,,,,,,sc,,,,,Q,,,,,,,,,,,,,,,,,,,,,,,,,,,,,,ps,,Q,,,,,,,,,,,,,,,
,,,,,,,,,,,,,,,,,,,,,,,,,,,,,,,,,,,,,,,,,,,,,,,,,,,,,,,,,,,,,,,,,,,,,,,,,,,,,,,,,,,,,,,,,,,sm,,,,,,,,,,,,,,,,,,,,,,,,,,,,,,,,,,,,,,,,,,,,,,,,,,,,,,,,,,,,sm,,,,,,,,,,,,,,,,,,,,,,,,,,,,,,,,sm,,,,,,,,,,,,,,,,,,,,,,,,,,,,,,,,,,,,,,,,,,,,,,,,,,,,,,,,,,,,,,,,
,,,,,,,,,,,,,,,,,,,,,,,,,,,,,,,,,,,,,,,,,,,sm,,,,,,,,,,,,,,,,,,,,,,,,,,,,,,,,,,,,,,,,,,,,,,,,,,,,,,,,,,,,,,,,,,,sm,,,,,,,,,,,,,,,,,,,,,,,,,,,,,,,,,,,,,,,,,,,,,,,,,,,,,,,,,,,,,,,,,,,,,,,,,,,,,,,,,,,,,,,,,,,,,,,ps,,,,,,,,,,,,,,,,,,,,,sm,,,,,,,,,,,,,,,,,,,,,
,,,,,,,,,,,,,,as,,,,,,,,,,,Q,sm,,,,,,,,,,,,,,,,,,,,,,,,,,,,,,,,,,,,,,,Q,,,,,,,,,,,,,,,,,,,,,,,,,,,,,,Q,,,,,,,,,,,,,,,,,,,,,,,,,,,,,,,,,sc,,,,,,,,,,,,,,,,,,,,,,,,,,,,,,,,,,as,,,,,,,,,,,,,,,,,,,,,,,,,,,,,,,,,,,,,,,,,,,,,,as,,,,,,,,,,,,sm,,,,,,,,,,,,,,,,,,,,,,,,,,,
,,,,,,,,as,,,,,,,,,,,,,,,,,,,,,,,,,,,,,,,,,,,,,,,,,,,,,,,,,,,,,,,,,,,,,,,,,,,,,,,,,,,,,,,,,,,,,,,,,,,,,,,,,,,,,,,,,,,,,,,,,,,,,,,,,,,,,,,,,,,,,,,,,,,,,,,,,,,,,,,ps,,as,,,,,,,,,,,,,,,,,,,lc,,,,,,,,,,,,,,,,,,,,,,,,,,,,,,,,,,,,,,,,,,,,,,,,,,,,,,,,,,,Q,,,cb,,,,,
,,,,,,,Q,,,,,,,,,,,,,,,,,Q,,,,,,,,,,,,,,,,,,,Q,,,,,,Q,,,,,,,,,,,,,,,,,,,,,,,,,,,,,,,,,,,,,,,,,,,,,,,,,,,,,,,,,,,,Q,Q,,,,,,,,,,,,,,,,,,,,,,,,,,,,,,,,,,,,,,,,,,,,,Q,,,,,,,,as,,,,,,,,,,,,,,,,,,,,,,,,,Q,,,,,,,,,,,Q,,,,,,,,,,,,,,,,,,,,,,,,,sc,,,,,,,,,,,,,,,,,,,,,,,
,,,,,,,,,,,,,,,,,,,,,,,,,,,,,,,,,,,,,,,,,,lc,,,,,,,,,,,,,,,,,,,,,,,,,,,,,,,,,,,,,,,,,,,,,,,,,,,,lc,,,,,,,,,,,,,,,,,,,,,,,,,,,,,,,,,,,,,,,,,,,,,,,,,,,,,,,,,,,,,,,,,,,,Q,,,,Q,,,,,,,,,,,,,,lc,,,,,,,,,,,,,,,,,,lc,,,,,,,,,,,,,,,,,,,,,,,,,,,,,,,,,,,,,,Q,,,,,,cb,,,,,
,,,,,,,,,,,,,,,,,,,,,,Q,,,,,,,,,,,,,,,,,,,,,,,,,,,,,,,,,,,,,,,,,,,,,,,,,,,,,,,,,,,,,,,,,,,,,,,,,,,,,,,,,,,,,,,,,,,,,,,,,,sc,,,,,,,,,,,,,,,,,,,,,,,,,,,,,,,,,,,,,,,,,,,,,,,,,,,,,,,,,,,,,,,,,,,,,,,,,,,,,,,,,,,,,,,,,,,,,,,,,,,,,,,,,,,,,,,,,,,,,,,,,,,,,,,
,,,,,,,,,,,,,,,,,,,,,,,,,,,,,,,,,,,,,,,,,,,,,,,,,,as,,,,,,,,,,,as,,,,,,,,,,,,,,,,,,,,,,,,,,,,,,,,,,,,,,,,,,,,,,,,,,,,,,,,,,,,,,,,,,,,,,,,,,,,,,,,,,,,,,,,,,,,,,,,,,,,,,,,,,,,,,,,,,,,,,,,,,,,,,,,,,,,,,,,,,Q,,,,,,,,,,,,,,,,,,,,,,,as,,,,,,,,,,,,,,,,,,,,,,,,,
,,,,,,,,,,,,,,,,,,,,Q,,,,,,,,,,,,,,,,,,,,,,,,,,,,,,,,,,,,,,,,,,,,,,,,,,,,,,,,,,,,,,,lc,,Q,,,,,,,,,,,,,,,,,,,,,,,,,,,,,,,,,,,,,,,,,,,,Q,,,,,,,,,,,,,,,,,,,,,,,,,,,,,,,,,,,,,,,,,,,,,,,,,,,,,,,,,,,,,,,,,,,,,,,,,,,,,,,,lc,,,,,,,,Q,,,,,,,,,,,,,,,,,,,,,,,,,,,,,,
,,,,,,,,,,,,,,,,,,,,,,,,,,,,,,,,,,,,,lc,,,,,,,,,,,,,,,,,,,,,lc,,,,,,,,,,,,,,,,,,,,,,,,,,,,,,,,,,,,,,,,,,,,,,,,,,,,,,,,,,,,,,sc,,,,,,,,,,,,,,,,,,,,,,,,,,,,,lc,,,,,,,,,,,,,,,,,,,,,,,,,,,,,,,,lc,,,lc,,,,,,,,,,,,,lc,,,,,,,,,,,,,,,,,,,,,,,,,,,,,,,,,,,,,,,,,,Q,,,,cb,,,,
,,Q,,,,,,,,,,,,,,,,,,,,,,,,,,,,,,,,,,,,,,,,,,,,,,,,,,,,,,,,,,,,,,,,,,,,,,,,,,,,,,,,,,,,,,,,,,,,,,,,,,,,,Q,,,,,,,,,,,,,,,,,,,,,,,,,,,,,,,,,,,,,,,,,,,,,,,,,,,,,,,,,,,,,,,,,,,,,,Q,,,,,Q,,,,,,,,,,,,,,,,,,,,,,,,,,,,,,,,,,,,,,,,,,,,,,,,,,,,,,,,,,,,,,,,,,,,,
,,,,,,,,,,,,,,Q,,,,,,,,,,,,,,,,,,,,,,,,,,Q,,,,,,,Q,,,,,,,,,,,,,,,Q,,,,,,,,,,,,,,,,,,,,,,,,,,,,,,,,,,,,,,,,,,,,,,,,,,,,,,,,,,,,,,,,,,,,,,,,,,,,,,,,,,,,,,,,,,,,,,,,,,,,,,,,,,,,,,,Q,,,,,,,,,,,,,,,,,,,,,,,,,,,,,,,,,,,,,,,,,,,,,,,,,,,,,,,,,,,,,,,,,,,,,,,,,Q,
,,,,,,,,,,,,,,,,,,,lc,,,,,,,,,Q,,,,,,,,,,Q,,,,,,,,,,,,,,,,,,,,,,,,,,,,,,,,,,,,,,,,,,Q,,,,,,,,,,,,,,,sc,,,ps,Q,,,ps,,,,,,,,,,,,,as,,,,,,Q,,,,,,,,,,,,,,,,,,,,,,,,,,,,,,,,,,,,,,,,,,,,,,,,,,,,,,,,,,,,,,,,,,,,,,,,,,,,,,cb,,,,,,,,,,,,,,,,,,,,,,,,,,,,,,,,,,,,,,,,,,,,,,,,
,,,,,,,,,,,,,,,,,,,,,,,,,,,,,,,,,,,,,,,,,,,,,,,,,,,,,,,,,,,,,,lc,,,,,,,,,,,,,,,,,,,,,,,,,,,,,,,,,,,,,,,,,,,,,,,,,,,,,,,,,,,,,,,,,,sc,,,,,,,,,,,,,,,,,,,,,,,,,,,,,,,,,,,,,,,,,,,cb,,,,,,,,sc,,,,,,,,,,,,,,,,sc,,,,,,,,,,,,,,,,,,,,,,,,,,,,,,as,,,,,,,,,,,,as,,,,,,,,,,
,,,,,,,,,,,,,,,,,,,,,,,,,,,,,,,,,,,,,,,,,,,,,,,,,,,,,,,,,,,,,,,,,,,,,,,,,,,,,,,,,,,,,,,,,,,,,,,sc,,,,,,,,,,,Q,,,sc,,,,,,,,,,,,,,,,,,,,,,,,,,,,,,,,,,,,,,,as,,,,,,,,,Q,,,,,,,,,,,,,,,,,,Q,,,sc,,,,,,,,,,,,,,,,,,,,,,,,,,,,,,as,,,,Q,,,,as,sc,,,,,Q,,,,Q,,,,,,,,,,,,,,,,,,,,,sc
,,,,,,,,,,,,,,,,,,,,,,,,,,sm,,,,,,,,,,,,,,,,,,,,,,,,,,,,,,,,,,,,,,,,,,,,,,,,,,,,,,,,,,,,,,,,,,,,,,,,,,,,,,,,,,,,,,,,,,sm,,,,,,,,,,,,,,,,,,,,,,,,,,,,,,,,,,,,,,,,,,,,,,,,,,,sm,,,,,,,,,,,,,,,,,,,,,,,,,,as,,,,,,,,,sm,,,,,,,,,,,,,,,,,,,,,,,,,,,,,,,sm,,,,,,,,,,,ps,,,
,,,,,,,,,,,,,,,,,,,,,,,,,,,,,ps,,,,,,,,,,,,,,,,,,,,,,,,,,,,,,,,,,,,sm,,,,,,,,,,,,,,,,,,,,,,,sm,,,,,,,,,,,,,,,,,,,,,,,,,,,,,,,,,,,,,,,,,,,,,,,,,,,,,,,,,,,,,,,,,,,,,,,,,,,,ps,,,,,,,,,,,,,,,,,,,,,,,,,,,,,,,,,,,,,,,,,,,,,,,,,,,,,,,,,,,,,,,,,,,,sm,,,,,,,,,,,,,,,
,,,,,,,,,,,,,,,,,,,,,,,,sm,,,,,,,,,,,,,,,,,,,,,,,,,,,,,,,,,,,,,,,as,,,,,,,,,,,,,,,,,,,,,,,,,,,,,,,,,,,,,,,,,,,,,,,sm,,,,,,,,,,,,,,,,,,,,,,,,,,,,,,,,,,,,,,,,,,,,,sm,,,,,,,,,,,,,,,,,,,,,sc,,,,,,,,,,,,,,,,,,,,,,,,,,,,,,,,,,,,as,,,,,,,,,,,,,as,,,,,,,,,,,,,,Q,,,,,,,,
,,,,,,,,,,,,,,,,,,cb,,,,,,,,,,,,,cb,,,,,,,,,,,,,,,,,,,,,,,,,,,,,,,,,,,,,,,cb,Q,,ps,,,,,,,,,,,,,,,,,,,,,,,,,,,,,,,,,,,,,,,,,,,,,,,,,,,,,,,,,,,,,,,,,,,,,,,,,,,,,,,,,,,,,,,,,,,,,,,,,,,,,,,,,,,,lc,,,,,,,,,,,,,,,,,,,,,,,,,,,,,,,,,,,,,,,,,,,sc,,,,,,,,,,,,,,,,,,,,,,,
,,,,,,,,,,,,,,,,,,,,,,,,,,,,,,,,,,,,,,,,,,,,,,,,,,,,,,,,,,Q,,,,,,,,,,,,,,,,,,,,,,,,,,,,,lc,,,,,,,lc,,,,,,,,,,,,,,,,,,,,,,,,,,,,,,,,,,,,,,,,,,,,,,,,,,,,,,,,,,,,,,,,,,,,,,,,,,,,,,,,,,,,,,,,,,,,,,,,,,,,,,,,,,,,,,,,,,,,,,,,,,,,,,,,,,,,,,,,,,,,,,,,,,,,,,,,,
,,,,,,,,,,,,,,,,,,,,,,,,,,,,,,,,Q,,,,,,,,,,,,,,,,,,,,,,,,,,,,,,,,,,,,,,,,,,,,cb,,,,,,,,,,,Q,,,,,,,,,,,,,,,,,,,,,,,,lc,,,,,,,,lc,,,,,,,,,,,,,,,,,,,,,,,,,,,,,,,,,,,,,,,,,,,,,,,,,,,,,,,,,,,,,lc,,,,,,,,,,,,,,,,,,,,,,,,,,,,,,,Q,,,,,,,,,,,,,,,,,,,,,,,,,,,,,,,,,,,,
,,,,,,,,,,,,,,,,,,,,,,,,,,,,,,,,,,,,,,,,,,,,,,,,,,,,,,,,,,,,,,,,,,,,,,,,,,,,,,,,,,,,,,,,,,,,,,,,,,,,,,,,,,,,,,,,,,,,,,,,,,,,,,,,,,,,,,,,,,,,,,,,,,,,,,,,,,,,,,,,,,,,,,,,,,,,,,,,,,,,,,,,,,,,,,,,,,,,,,,,,,,,,,,,,,,,,,,,,,,,,,,,,,,,,,,,,,,,,,,,,,,,,,,
,,,,,,,,,,,,,,,,,,,,,,,,,,,,,,,,,,,,,,,,,,,,,,,,,,,,,,,,,,,,,,,,,,,,,,,,,,,,,,,,,,,,,,,,,,,,,,,,,,,,,,,,,,,,,,,,,,,,,,,,,,,,,,,,,,,,,,,,,,,,,,,,,,,,,,,,,,,,,,,Q,,,,,,,,,,,,,,,,,,,,,,,,,,,,,,,,,,,,,,,,,,,,Q,,,,,,,,,,,,,,,,,,,,,,,,,,,,,,,,,,,,,,,,,,,,
,,,,,,,,,,,,,Q,as,,Q,,,,,,,,,,,,,,,,,,,,,,,,,,,,,,,,,,,,,,,Q,,,,,,,,,,,,,,,,,,,,,,,,,,,,,,,,,,,,,,,,,,,,,,,,cb,,,,,,,,,,,,,,,,,,,,,,,,,,lc,,,,,,,,,,,,,,,,,,,,,,,,,Q,,,,,,,,,,,,,,Q,,,,,,,,,,,,,lc,,,,,,,,,,,,,,,Q,,Q,,,,,,,,,,,,,,,,cb,cb,,,,,,,,,,,,,cb,,,,,,,,,,cb,,,,Q,,Q,Q,,
,,,,,,,Q,,,,,,,,,,,,,,,,,sm,,,,,,,,,,,,,,,,,,,Q,,,,,,Q,,,,,,,,,,,,,,,,,,,,,,,,,,,,,,,ps,,,,,,,,,,,,,,,,,,,,,,,,,,,,,Q,Q,,,ps,,,,,,,,,,,,,,,,,,,,,,,,,,,,,,,,,,,,,,,,,,Q,,,,,,,,,,,,,,,lc,,,,,,,,,,,,,,,,,,Q,,,,,,,,,,,Q,as,,,,,,,,,,,,,,,,,,,,,,,,,,sm,,,,,,,,,,,,,,,sm,,,,ps,,
,,,,,,,,,,,,,,,,,,,,,,,,,,,,,,,,,,,,,,,,,,,,,,,,,,,,,,,,,,,,,,,,,,,,,,,,,,,,,,,,,,Q,Q,,,,,,,,,,,,,,,,,,,,,,,,,,,,,,,,,,,,,,,,,,,,,,,Q,Q,,,,,,,,,,,Q,Q,,,,,,,Q,,,,,,,,,,,,,,,,,,,,,,,,,,,,,,,,,,,,,,,,,,,,,,,,,,,,,,,,,,,,,,,,,,,,,,,,,,,,,Q,,,,,,,,,,,,,,,,,,,,
,,,,,,,,,,,,,,,,,,,,,,,,,,,,,,,,,,,,,,,,,as,,,,,,,,,,as,,,,,,,,,,,,,,,,,,,,,,,,,,,,,,,,,,,,,,,,,,,,,,,,,,,,,,,,,as,,,,,,,,,,,,,,,,,,,,,,,,,,,,,,,,,,,,,,,,,,,,,,,,,,,,,,,,,,,,,,,,,,,,,,,,,,,,,,,,,,,,,as,,,,,,,,,,,,,,,,,lc,,,,,,,,,,,,,,,,,,,,,,,,,,,,,,,,,,,,,
,,,sm,,,,,,,,,,,,,,,,,,,,,,,,,,,,,,,,,,,,,,,lc,,,,,,,,,,,,,,,,,,,,,,,,,,,,,,,,,,,,,,,,,,,,,,,,,,,,,,,,,,,,,,,,,,,,,,,,cb,,,,,,,,,,,,,,,,,,,,,,,,,,,,,,,,,,,,,,,,,,,,,,,,,,,,,,,,,,,,,,,,,,,,,,,,,,,,,,,,,,,Q,,,,,,,,,,,,,lc,,,,,,,,,,,,,,,,Q,,,,,,,,,,,,,,,,,,,,,
,,,,,,,,,,,,,,,,,,,,,,,,,,,,,,,,,,,,,,,,,,,,,,,,,,,,,,sm,,,,,,,,,,,,,,,,,,,,,,,,,,,,,,,,,,,cb,,,,,,,,,,,,,,,sm,,,,,,,,,,,,,,,,,,,,ps,,,,,,,,,sm,,,,,,,,,,,,,,,,,,,,,,,,,,,,,Q,,,,Q,,,,,,,,,as,,,,,,,,,,,,,,,,,,,,,,,,,,,,,,,,,,lc,,,,,,,,,,,,,,,,,,,,,,,,,,,Q,,,,,,,,,,cb,
,,,,,,,,as,,,,,Q,,,Q,,,,,as,,,,,,,,,,,,,,,,,,,,,,,,,,,,,,,,,,Q,,,,,,,,,,,,,,,,,,,,,,,,,,,,,,,,,,,,,,,,,,,,,,lc,,,,,,,,,,,,,,,,,,,,,,,,,,,,,,,,,,,,,,,,,,,,,,,,,,,,,Q,,,,,,,,,,,,,,Q,,,,,,,,,,,,,,,,,,,,,as,,,,,,,Q,,Q,,,,,,,,,,,,,,,,,,,,,,,,,,,,,,,,,,,sm,,,,,,,,,Q,,Q,Q,,
,,,,,,,,,,,,,,,,,,,,,,,,,,,,,,,,,,,,,,,,,,,,,,,,,,,,,,,,,,,,,,,,,,,,,,,,,,,,,,,,,,,,,,,,,,,,,,,,,,,,,,,,,,Q,,,,,,,,,,,,,,,,,,,,,,,,,,,,,,,,,,,,,,,,,,,,,,,,,,,Q,,,,,,,,,,,,,,,,,,Q,,,,,,,,,,,,,,,,,,,,,,,,,,,,,,,,,,,,,Q,,,,,,,,,,Q,,,,Q,,,,,,,,,,,,,,,,,,,,,
,,,,,,,,,,,,,,,ps,,,,,,,,,,Q,,,,,,,,,,,,,,,,,,,,,,,,,,,,,,,sc,,,,,,,,,Q,,,,,,,,,,,,,,,,,,,,,,,,,,,,,,Q,,,,,,,ps,,,,,,,,,,,,,,,,,,,,sc,,,,,,,,,,,,,,,,,,,,,,,,,,,,,,,,,,,,,,sm,,,,,,,,,,,,,,,,,,,,,,,,,,,,,,,,,,,,,,,,,ps,,,,,,,,,,,,,,,,,,,,sc,,,,,,,,,,,,,,,,,,,,,,,,,,
,,,,,,,,,,,,,,,,,,cb,,,,,,,,,,,,,,,,,,,,,cb,,,,,,,,,,,,,,,,,,,,,,,,,,,,,,,,,,,,,,,,as,,,,,,,,,,,,,,,,,,,,,,,,,,,,,,,,,,,,,,,,,,,,,,,,,,,,,,,Q,,,,,,,,,,,,,,,,,,cb,,,,,,,,,,,,,,,,,,,,,,,,,,,,,,,,,,,,,,,,,,,,,,,,,,,,,,,,,,lc,,,,,,,,,sm,,,,,,,,,,,,,,,,,,,,,,Q,,,,,,
,,,,,,,Q,,,,,,,,,,,,,,,,,Q,,,,,,,,,,,,,,,,,,,Q,,,,,,Q,,,,,,,,,,,,,,,,,,,,,,,,,,,,,,,,sm,,,,,,,,,,,,,,,,,,,,,,,,,,,,Q,Q,,,,,,,,,,,,,,,,,,,,,,,sm,,sm,,,,sm,,,,,,,,,,,,,,,,Q,cb,,,,,,as,,,,,,,,,,,,,,,,,,,,,,,,,,Q,,,,,,,,,,,Q,,,,,,,,,,,,,,,,,,,,,,,,,,,,,,,,,,,,,,,,,,,,,,,,
,,,,,,as,,,,,,,,Q,,,,,,,,,,,,,,,,,,,,,,,,,,Q,,,,,,,Q,,,,,,,,,,,,,,,Q,,,,,,,,,,,,,,,,,,,,,,,,,,,,,,,,,,,,,,,,,,,,,,,,,,,,,,,,,,,,,,,,,,,,,,,,,,,,,,,,,,,,,,,,,,,,,,,,,,,,,,,,,,cb,,,,,Q,,,,,,,,,,,,,,,,,,,,,,,,,,,,,,,,,,,,,,,,,,,,,,,,,,,,,,cb,cb,,,,,,,,,,,,,,,,,,Q,
,,,,,,,,,,,,,,,,,,,,,,,,,,,,,,,,,,,,,,,,,,,,,,,,,,,,,,,,,,,,,,,,,,,,,,,cb,,,,,,,,as,,,,,cb,,,,,,,,,,,,,,,,,,,,,,,,,,,Q,,,,,,,,,,,,,,,,sm,,,,,,,,,,,,sm,,,,,,,,,,,,,,,,,,,,,,,,,,,,,,,,,,,,,,,,,,,,,,,,,,,,,,,,,,,,,,,,,,,,,,,,,,,,,,,,,,,,,,,,,,,,,,,,,,,,,,,,,,,,
,,,sm,,,,,,,,,,,,,,,,,,,,,,,,,,,,,,,,,,,,,,,,,,,,,,,,,,,,,,,,,,,,,as,,,,,,,,,,,,,,,,,,,,,,,,,,,,,,,,as,,,,,,,,,,,,,,,,,,,,,,,,,,,,,,,,,,,,,,,,,,,,,,,,,,,,,,,,,,,,,,,,,,,,,,,,,,,,,,,,,,,,,,,,,,,,,,,,,,,,,,,,,,,,,,,,,,,,,,,,,,,,,,,,,,,,,,,,,,,,,,,,,,,,,,,
,,,,,,,,,,,,,,,,,,,,,,,,,,,,,,,,,,,,,,,,,,,,,,,,,,,,,,,,,,,,,,,,,,,,,,,,,,,,,,,,,,,,,,,,,,,,,,,,,,,,,,,,,,Q,,,,,,,,,,,,,,,,,,,,ps,,,,,sc,,,,,,ps,,,,,,,,,,,,,,,,,,,,Q,,,,,,,,,,,,,,,,,,Q,,,,,,,,,,,,,,,lc,,,,,,,,,,,,,,,,,,,,,,Q,,,,,,,,,,Q,,,,Q,,,,,,,,,,,,,,,,,,,,cb,
,,,,,,,,Q,ps,,,,,,,,,,,,,,,,,,,,ps,ps,,,,sc,,,,,,,,,,,,,,,,,,,,,,,,,,,,,,,,,,,,,,,,,,,,,,,,,,,,,,,,,,,,lc,,,,,,,,,,,,,,,,,,,,,,,,,,,,,,,,,,,,,,,,,,,,,,,,,,,,,,,,,,,,,,,,,,sm,,,,,,,,,,,,,,,,,,,,,,,,Q,ps,,,,,,,,,,Q,,,,,,,,sc,,,,,,,,,,,,,,,,,,,,,,,,,,,,,,Q,,,,,,,,,,,,,,
,,,,,,,,,,,,,,,,,,,,,,,,,,,,,,,,,,,,,,,,,,,,,,,,,,,,,,,,,,,,,,,,,,Q,,,,,,,,,,,,,as,,sm,,,,,,,,,,,,,,,,,,,,,,,,,,,,,sm,,,,,,,,,,,,,,,,,,,,,,,,,sm,,,,,,,,,,,,,,,,,,,,,,,,,,,,,,,,,,,,,,,,,,,,,,,,,,,,,,,,,,,,,,,,,,,,,,,,,,,,,as,,,,,,,,,,,,,,,,,,,,,,,sm,,,,,,,,,,,,
,,,,,,,,,,,,,cb,,,,,,,,,,,,,,,,,,,,,,,,,,,,,,,,,,,,,,as,,,,,,,,,,,,,,,,,,,,,,,,,,,,,,,,,cb,,,,,,,,,,,,,,,,,,,,,,,,,,,,,,,,,,,,,,,,,,,,,,,,,,,,,,,sm,,,,,,,,,,,,,,,,,,,,,,,,,,,,,,,,,,,,as,,,,,,,,,,,sc,,,,,,,,,,,,,,,,,,,,,,,,,,,,,,,,,,Q,,,,,,,,,,,,,,,,,,,,,,,,,,,
,,,,,,,,,,,,,,,,,,,,,,,,,,,,,,,,,,,,,,,,,,,,,,,,,,,,,,,,,,,,,,,,,,,,,,,,,,,,,,,,,,,,,,,,,,,,,,,,,,,,,,,,,sc,,,,,,,,,,,,,,,,,,,,,,,,,,,,,,,,,,,,,,,,,,,,,,,,,,,,,,,,,,,,,,,,,,,,,,,,,,,,,,,,,,,,,,sc,,,,,,,,,,,,,,,,,,,,,,,,,,,,,,,,,,,,,,,,,,,,,,,,,,,,,,,,
,,,,,,,,,,,,,,,,,,,,,,,,,,,,,,,,,,,,,,,,,,,,,,,,,,,,,,,,,,,,,,,,,,,,,,,,,,,,,,,,,,,,,,,,,,,,,,,,,,,,,,,,,,,,,,,,,,,,,,,,,,,,,,,,,,,,,,,,,,,,,,,,,,,,,,,,,,,,,,,,,,,,,,,,,,,,,,,,,,,,,,,,,,,,,,,,,,,,,,,,,,,,,,,,,,,,,,,,,,,,,,,,,,,,,,,,,,,Q,,,,,,,,,,,,
,,,,,,,,,,,,,,,,,,,,,,,,,,,,,,,,,,,,,,,,,,,,,,,,,,,,,,,,,,,,,,,,,,,,,,,,,,,,,,,,,,,,,,,,,,,,,,,,,,,,,,,,,,,,,,,,,,,,,,,,,,,,,,,,,,,,,,,,,,,,,,,,,,,,,,,,,,,,,,,,,,,,,,,,,,,,,,,,,,,,,,,,,,,,,,,,,,,,,,,,,,,,,,,,,,,,,,,,,,,,Q,,,,,,,,,,,,,,,,,,,,,,,,,,,
,,,,,,,,,,,,,,,,,,,,,,,,,,,,,,,,,,,,,,,,,,,,,,,,,,,,cb,,,,,,,,ps,,,,,,,,,,,,,,,,,,,,,,,,,,,,,,,,,,,,,,,,,,,,,,,,,,,,,,,,,,,,,,,,,,,,,,,,,,,,,,,,,,,,,,,,,,,,,,,,,,,,,,,,,,,,,,,,,,,,,,,,,,,,,,,,,,,,,,,,,,,,,,,,,,,,,,,,,,,,,,,,,,,,,,,,,,,,,,,,,,,,,,,,,,,
,,,,,,,,,,,,,,,,,,,,,,,,,,,lc,,,,,,,,,,,,,,Q,,,,,,,,,,,,,,,,,lc,,,,,,,,,,,,,,,,,,,,,,,,,,,,,,,,,,,,,,,,,,,,,,,,,,,,,,,,,,,,,,,,,,,,,,,,,,,,,,,,,,,,,,,,,,,,,,,,,,,,,,,,,,,,,,,lc,,,,,,,,,,,,,,,lc,,,Q,cb,,,,,,,,,,,,,,,,,,,,,Q,,,,,,,,,Q,,,,,,sc,,,,,,,,,,,,,,,,,,,cb,,,,
,as,,,,,,,,,,,,,,,,,,,Q,,,,,,,,,,,,,,,,,,,,,,,,,,,,,,,,,cb,,,,,,,,,,,,,,,,,,,,,,,,,,,,,,,,Q,,,,,,,,,,,,,,,,,,,,,,,,,,,,,,,,,,,,,,,,,,,,,,,cb,,,,,,,,,,,,,,,,,,,,,,,,,,,,Q,,,Q,,,,,,,,,,,,,,,,,,,,,,,,,,,,,,,,,,,,,,,,,,,,,,,,,,,,,,,,,,,,,,,,,,,,,,,,,,,,,,,,,,,,
,,,,,,,,,,,,,,,,,,,,,,,,,,,,,,,,,,,Q,,,,,,,,,,,,,,,,,,,,,,,,,,,,,,,,,,,,,,,,,,,cb,,,,,Q,,,,,,,,,,,,,,,,,,,,,,,,,,,,,,,,,,,,,,,,,ps,,,,,,,,,,,,,,,,,,,,,,,,,,,,,,,Q,Q,,,,,,,,,,,,,,,,,,,,,,,,,,,,,,,,,,lc,,,,,,,,,,,,,,,,,,,,,,,,,,,,,,,,,,,,,,,,,,,,,,,,,,,,,,,,,
,,,,,,,,,,,,,,,,,,,,,,,,,,,,,,ps,,,,,,,,as,,,,,,,,,,,,,,,,,,,,,,,,,,,,,,,,,,,,,,,,,,,,,,Q,,,,,,,,,Q,,,,,ps,as,,,,,,,,,,,,,,,,,,,,,,,,,,as,,,,,,,,,,,,,,,,,,,,,,,,,,,,,,,,,,,,,,as,,,,,,,,,,,,,,,,,,,,,,,,,,,,,,,,,,,,,,,,,,,,,,,,,,,,,,,,,,sc,,,,,,,,,,,,sm,,,,,,,,,,,,,,
,,,,,,,,,,,,,,,,,,,,,,,,,,,,,,,,,,,,,,,,,,,,,,,,,,,,,,,,,,,,,,,,,,,,,,,,,,,Q,,,,,,,,,,,,,,,,,,,,,,,,,,,,,,,,,,,,,,,,,,,,,,,,,,,,,,,,,Q,,,,,,,,,,,,,,,,,,,,,,,,,,,,,,,,,,,,,,,,,,,,,,,,,,,,,,,,,,,,,,,,,,,,,,,,,,,,,,,,,,,,,,,,,,,,,,,,,,,,,,,,,,,,,,,,,,,
,,,,,,,,,,,,,,,,,,,,,,,,,,,,,,,,,lc,sc,,,,,,,,,,,,,,,,,,,,,,,,,,,,,,,,,,,,,,,,,,,,,,,,,,,,,,,,,,,sm,,,,,,,,,,,,,Q,,,,,,,,,,,,,,,,,,,,,,,,,,,,,,,,,,,,,,,,,,,,,,,,,,,Q,,,,as,,,,,,,,,,,,,,Q,,,,,,,,,,,sc,,,,,,,,sc,,,,,,,,,,,,,,,,,,Q,,,,,,,,,,Q,,,,Q,,,,,,,,,,,,,,,,,,,ps,,
,,,,,,,,,,,,,,,,,,,,,,,,,,,,,,,,,,,,,,,,,,,,,,,,,,,,cb,,,,,,,,,,,,,,,,,,,,,,,,,,,,,,,,,,,,,,,,,,,,,,,,,,,,,,,,,,,,,,,,,,,,,,,,,,,,,,,,,,,,,,,,,,,,,,,,,,,,,,,,,,,,,,,,,,,,,,,,,,,,,,,,,,,,,,,,,,,,,,,,,,,,,,,,,,,,,,,ps,,,,,,,,,,,,,,,,,cb,,,,,,,,,,,,,,,,,,,
,,,,,,,,,,,,,,,,,,,,,,,,,,,,,,,,,,,,,,,,,,,,,,,,,,,,,,,,sc,,,,,,,,as,,,,,,,,,ps,,,,,,,,,,,,,,,,,ps,,,,,,,,,,,,,,,,,,,,,,,,,,,,,,,,,,,,,,,,,,,,,,,,,,,,,,,,,,,,,,,,,,,,,,,,,as,,,,,,,,,,,,,,,,,,,,,,,sc,,,,,,,,sc,,,,,,,,,,,,,,,,,,,,,,,,,,,,,,,,,,,,,ps,,,,,,,,,,,,,,,,
,,,,as,,,,,,,,,,,,sc,,,,,,,,,,,,,,,,,,,,,,,,,,,,,,,,,,,,,,,sc,,,,,,,,,,,,,,,,,,,,,,,,,,,,,,,,,,,,,,,,,,,,,,,,,,,Q,cb,,,,,,,,,,,,,,,,,,,,,,,,,,,,,,,,,sc,,,,,,,,,,,,,,,,,,,,,,,,,,,,,,,,,,,,,,,,,,,,,,,,,,,Q,,,,,,,,,,,,,,,,,,,,,,,,,,,,,,,,,,,,,,,,,,,,,,,,,,,,,,,cb,
,,,,,,,,,,,cb,,,Q,,,,,,,,,,,,,,,,,,,,,,,,,,Q,,,,,,,Q,,,,,,,,,,,,,,,Q,,,,,,,,,,,,,,,,,,,,,,,,,,,,,,,,,,,,,,,,,,,,,,,,,,,,,,,,,,,,,,,,,,,,,,,,,,,,,,sc,,,,,lc,,,,,,,,,,,,,,,,,,,,,,,,,,,,Q,,,,,,,,,,,,,,,,,,,,,,,,,,,,,sm,,,,,,,,,,,,,,,,,,,,,,,,sm,,,,,,,,,,,,,,,,,,,,Q,
,,,,,,,,,,,,,,,,,,,,,,,,,,,,,,,,,,,,,,,,,,,,,,,,,,,,,,,,,,,,,,,,,,,,,,,,,,,,,,,,,,,,Q,,,,,,ps,,,Q,,,,,,,,,,,,,,,as,,,,,,,,sm,,,,,,,,,,,,,,,,,,,,,,,,,,,,,,,,,,,,,,,,,,,,,,,,,,,,,,,,,,,,,,,,,,,,,,,,,,,,,,,,,,,,,,,,,,,,,,,,,,,,,,,sm,,,,,,,,,,,,,,,,,,,,,,,,,,,,
,,,,,,,,,,,,,,,,,,,,,,,,,,,,,,,,,,,,,,,,,,,,,,,,,,,,,,,,,,,,,,,,,,,,,,,,,,,,,,,,,,,,,,,,,,,,,,,,,,,,,lc,,,,,sc,,,,,,,,,,,,,,,,,,,,,,,,,,,,,,,,,,,,,,,,,,,,,,,,,,,,,Q,,,,,,,,,,,,,,,,,,,,,,,,,,,,,,,,sc,,,,,,,,,,,,Q,,,,,,,,,,,,,,sc,,,sm,,,,,,,,,,,,,,,,,,,,,,,,,,,
,,Q,,,,,,,,,,,,,,,,,,,,,,,,,,,,,,,,,lc,,,,,,,,,,,,,,,,,,,,,,,,,,,,,,,,,,,,,,,,,,,,,,,,,,,,,,,,,,,,,,,,,,,,Q,sm,,,,,,,,cb,,,,,,,,,,,,,,,,,,,,,,,,,,,,,,,,,,,,,,,,,,,,,,,,,,,,,,,,,,,,,Q,,,,,Q,,,,,,,,,,,,,,,,,,,,,,,,,,,,,,,,,,,,,,,,,,,,,,,,,,,,,,,,,,,,,,,,,,,,,
,,,,,,,,,,,,,,,,sc,,,,,,,,,,,,,,,,,,,,,,,,,,,,,,,,sc,as,,,,,,,,,,,,,,,,,,,,,,,,,,,,,,,,,,,,,,,,,,,,,,,,,,,,,,,,,,,,,,,,,,,,,,,,,,,,,,,,,,,,,,,,,,,,cb,,,,,,,,,,,,,,,,,,,,,,,,,,,,,,,,,,,,,,,,,,,,,,,,,,,,,sc,,,,,,,,,,,,,,,,,,,,,,,,,,,,,,,,,,,,,,,,,,,,,,,,,,,,cb,
,,,,,,,,,,,,,,,,,,,,,,,,,,,,,,,,,,,,,,,,,,,,,,,,,,,,,,,,,,,,,,,,,,,,,,,,,,,,,,,,,,,,,,,,,,,,,,,,,,,,,,,,,,,,,,,,,,,,,,,,,,,,,,,,,,,,,,,,,,,,,,,,,,,,,,,sm,,,,,,,,,,,,,,,,,,,,,,,,,,,,,,,,,,,,,,,,,,,,,,,,,,,,,,,,,,,,,,,,,,,,,,,,,,,,,,,,,,,,,,,,,,,,,,,,
,,,,,,,,,,,,,,,,,,,,,,,,,,,,,,,,,,,,,,,,,,,,,,,,,,,,,,,,,,,,,,,,,,sm,,,,,,as,,,,,,,,,,,,,,,,,,,,,,,,,,,,,,,,,,,,,,,,,Q,,,,,,,,,,,,,,,,,sm,,,,,,,,,,,,,,,,,,,,,,,,,,,,,,,,,,,,,,,,,,as,,,,,,,,,,,,,,,,,as,,,,,,,,,,,,,,,,,,,,,,,as,,,,,,,,,,,,,,,,,,,,,,,,,,,,,sm,,,,,,
,,,,,,,,,,,,,,,,,,,,,,ps,,,,,,,,,,,,,,,,,,,,,,,,,,,,,,,,,,,,,,,,,,,,,,ps,,,,,,,,,,,,ps,,,,,,ps,,,,,,,,,,,,,,,,,,,,,,,,,,,,,,,,,,,,,,,,,,,,,,,,cb,,,,,,,,,,,,,,,,,,,,,sm,,,,,,,,,,,,,,,lc,,,,,,,,,,,,,,,,,,,,,,,,,,,,,,,,,,,,,,,,,,,,,,,,,,,,,,,,,,,,,,,,,,,,,,,,,,,,,
,,,,,,,,,,,,,cb,,,,,,,,,,,,,,,,,,,,,,,,,,,,,,,,sc,,,,,,,,,,,,,,,,,,,,,,sc,,,,,,,,,,,,,,,,,,,,,,,,,,,,,,,,,,,,,,,,,,,,,,,,,,cb,,,,,,,,,,,,,,,,,,,,,,,,,,,,,,,,,,,,,,,,,,,sm,,,,,,,,,,,,,,,,,,,,,,,,,,,,,,,,,,,,,,,,,,,sc,,,,,,,,,,,,,,,,,,,,,,,,,,,,,,,,,,,,,,,,,,,,
,,,,,,,,,,,cb,,,,,,,,,,,,,,,,,,,,,,,,,,,,,,,,,,,,,,,,,,,,,,,,,,,,,,,,,,,,,,,,,,,,,,,,,,,,,,,,,,,,,,,,,,,,,,sc,sc,,,,,,,,,,,,,,,,,,,,,,,,,,,,,,,,,,,,,,,,,,,,,,,,,,,,,,,,,,,,,,,,,,,,,,,,,,,,,,,,,,,,,sc,,,,,,Q,,,,,,,,,,,,,,,,,,,,,,,,,,,,,Q,cb,,,,,,,,,,,,,,,,,,,,
,,,,,,,,,,,,,Q,,,Q,,,,,,,,,,,,,,,,,,,,,,,,,,,,,,lc,,,,,,,,,Q,,,,,,,,,,,,,,,,,,,,,,,,,,,,,,,,,,,,,,,,,,,,,,,,,,,sc,,,,,,,,,,,,,,,,,,,,,,,,,sc,,,,,,,,,,cb,,,,,,,,,,,,,Q,,,,,,,,,,,,,,Q,,,,,,,,,,,,,,,,,,,lc,,,,,,,,,Q,,Q,,,,,,ps,,,,,,,,,,,,,,,,,,as,,,,,,,,,,,,,,,,,,lc,,Q,,Q,Q,,
,,,,,,,,,,,,,,,,,,,,,,,,,,,,,,,,,,,,,,,,,,,,,,,,,,,,,,,,,lc,,,,,,,,,,,,,,,,,,,,,,,,,,,,,,,,,,,,,,,,,,,,,,,,,Q,,,,,,,,,,,,,,,,,,,,,,,,,,,,,,,,,,,,,,,,,,,,,,,,,,,,,,,,,,,,,,,,,cb,,,,,,,,,,,,,,,,,,,,Q,,,,,,,,,,,,,,,,,,,lc,,,,cb,,,,,,,,,,,,,,,,,,,,,,,,,,,,,,,,,
,,,,,,,,,,,,,,,,,,,,,,,,,,,,,,,,,,,,,,,,,,,,,,,,,,,,,,,,,,,,,,,Q,,,,,,,,,,,,,,,,,,,,,,,,,,,,,,,,,,,,,,,,,,,,,,,,,,,,,,,,,,,,,,,,,,,,,,,,,,,,,,,,,Q,,,,,,sc,,,,,,,,,,,,,,,,,,,,,,,,,,,,,,,,,,,,,,,,,,,,,sc,,,,,,,,,,,,,,,,,,,,,,,,,,,,,,,,,,,,,,,,,,,,,,,,,,,,
,,,,,,,,,,,,,Q,,,Q,,,,cb,,,,,,,,,,,,,,,,,,,,,,,,,,,,,,,,,,,Q,,,,,,,,,,,,,,,,,,,,,cb,,,,,,,,,,,,,,,,,sm,,,,,,,,,,,,,,,,,,,,,,,,,,,,,,,,,,,,,,,,,,,,,,,,cb,,,,,,,,,,,cb,,Q,,,,,,,,,,,cb,,,Q,,,,,,,,,,,,,,,,,,,,cb,,,,,,sc,,Q,,Q,,,,,,,,,,,,,,,,,,,,,,,,,,,,,,,,,,,,,,,,,,,,Q,,Q,Q,,
,,,,,,,,,,,,,,,,,,,Q,,,,,,,,,,,,,,,,,,,,,,,,,,,,,,,,,,,Q,,,,,,,,,,Q,,sm,,,,Q,,Q,,,,,,,,,,,,,,,,,,,,,,,,,,,,,,,,,Q,,,,,,,,,,,,,,,,,,,,,,,,,,,,,,,,,,,,,,,,,,,,,,,,,,,,,,,,,,,,,,,,,,,,,,,,,,,,,,,,,,,,,,,,,,,,,,,,,,,,,,,,,,,,,,,,,,,Q,,,,,,,,,,,,,,,,,,,,,,,,,,,
,,,,,as,,,,,,,,,,,,,,,,,,,,,,,,,,,,Q,,,,Q,,,,,,,,,lc,,,,,,,,,,,,,,,,,as,,,,,,Q,,,,,,,,,,,,,,,,,,,,,,,,,,,,,,,,,,,,,,,,,,,,,,,,,,,,,,,,,,,,,,,,,,,,Q,,,,,,,,,,,,,,,,,,,,,,,,,,,,,,,,,,,,,,,,,,,,,,,,,,,,,,,,,,,,,,,,,,,,,,,,,,,,,,,,,,,,,,,,,,,,,,,,,,,,,,,,,,cb,,,,
,,,,,,,,,,,,,,,,,,,,,,,,,Q,,,,,,,,,,,,,,,,,,,,,,,,,,,,,,,,,,,,,,,,Q,,,,,,,,,ps,,,,,,,,,,,,,,sm,,,,,,,Q,,,,,,,,,,,,,,,,,,,,,,,,,,,,,,,,,,,,,,,,,ps,,,,,,,,,,,,,,,,,,,,,,,,,,,,,,,,,,,,,,,,,,,,,,,,,,,,,,,,,,,,,,,,,,,,,,,,,,,,,,,,,,,,,,,,,,,,,,,,,,,,,,,,,,,,,,,
,,lc,,,,,,,,,,,,,,,,,,,,,lc,,,,,,,,,,,,lc,,,,,,,,,,,,,,,,,,,,,,,,lc,,,,,,,,,,,,,,,,,,,,,,,,,,,,,,,,,,,,,,,,,,,,,,,,,,,,,,,,,,,,,,,,,,,,,,,,,,,,,,,,,,,,,,,,,,,,,,,,,,,,,,,,,,,,,,,,,,,,,,,,,lc,,,,,,,,,,,,,,,,,lc,,,,,,,,,,,,,,,,,,,,,,,,,,,,,,,,,,,,,,,,,,,,,cb,,,,,
,,,,,,,,,,,,,,,,,,,,,,,,,,,,,,,,,,,,,,,,,,,,,,,,,,,,,,,,,,,,,,,,,,,,,,,,,,,,,,,,,,,,,,,,,cb,,,,,,,,,,,,,,,,,,,,,,,,,,,,,,,,,,,,,,,,,,,,,,,,,,,,,,,,,,,,,,,,,,,,,,,,,,,,,,,,,,,,,,,,,,,,,,,,,,,,,,,,,,,,,,,,,,,,,,,,lc,,,,,,,,,,,,,,,,,,,,,,,,,,,,,,,,,,,,,,
,,,,,,,,,,,,,,,,,,,,,,,lc,,,,,,,,,,,sc,,,,,,,,,,,,,,,,,,,,,,,,lc,lc,,,,,,,,,,,,,,,,,,,,,,,,,,,,,,,,,,,,,,,,,,,,,,,,,,,,,,,,,,,,,,,sc,,,,,,,,,,,,,,,,,,,,,,,,,,,,,,,,,,,sc,,Q,,,,,,,,,,,,,,,,,sc,,,,,,,,,,,,,,,,lc,,,,,,,,,,,Q,,,,,,,,,,,,,,,,,,,,,,,,,,,,,,,,,,,,,,,,,,,,
,,,,,,,,,,,,,,,,,,,,,,,,,,,,,,,,,,,,,,,,,,,,,,,,,,,,,,,,,,,,,,,,,,,,,,,,,,,,,,,,,,,,,,,,,,,,,,,,,,,,,,,,,,,,,,,,,,,,,,,,,,,,,,,,,,,,,,,,,,,,,,,,,,,,,,,,,,,,,,,,,,,,,,,,,,,,,,,,,,,,,,,,,,,,,,,,,,,,,,,,,,,,,,,,,,,,,,,,,,,,,,,,,,,,,,,,,,,Q,,,,,,,,,,,,
,,,,,,,,,,,,,,,,,,,,,,,,,,,,,,,,,,,,,,,,,,,,,,,,,,,,,,,,,,,,,,,,,,,,,,,,,,,as,,,,,,,,,,,,lc,,,,,,,,,,,,,,,,,,,,,,,,lc,,Q,,,,,,,,,,,,,,,,,,,,,,,,,,,,,,,,,,lc,,,,,,lc,,,,,,,,,,,,,,,,,,,,,lc,,,,,,,,,,,,,,,,,,,,,,,,lc,,,,,,,,,,,,,,,,,,,,,,,,,,,,,,,,,,,,,,,,,lc,,,,,,,,
,,,,,,,sm,,,,,,,,Q,,,,,,,,,,,,,,,,,,,,,,,,,,,,,,,,,,,,,,,sm,,,,,,,,,,,,,,,,,,,,,,,,,,,,,,,ps,,,,,,,,,,,,,,,,,,,,,,,,,,,,,,,,,,,,,,,,,,,,,,,,,cb,,,,,,,Q,,,,,,,,,,,,lc,,sm,cb,,,,,,as,,,,,,,,,,,,,,,,,,,,,,,,,,,,,,,,,,,,,,,,,,,,,,,,,,,,,,,,,,,,,,,,Q,,,,,,,,,,,,,,,,,,,,,
,,,,,,,,,,,,,,,,,,,lc,,,,,,,,,,,,,,,,,,,as,,,,,,,,,,,,,,,,,,,,,,,,,,,,,,,,,,,,,,,,,,,,,,,,,,,,,,,,,,,,,,,,,cb,,,,cb,,,,,,,,,,,,,,,,,,,,,,,,sc,,,,,,,,,,,,,,,,,,,,,,,,,,,,,,,,,,,,,,,,,,,,,,,,,,,,,,,,,,,,,,,,,,,,,,,,,,,,,,,,,,,,,,sc,,,,,,,,,,,,,,,,,,,,,,,,,,,,,,
,,,,,as,,,,,,,,,,,,,,,,,,,,,,,,,,,,,,,,,,,,,,,,,,,,,,,,,,,,,,,,,,,,,,,,,,,,,,,,,,,,,,,,,,,,,,,,,,,Q,,,,,,,,,,,,,,,,,,,,,,,,,,,,,,,,,,,,,,,,,,,,,,,,,,,,,,,,,,,,,,,,,,,,,,,,,Q,,,,,,,,,,,,,,,,,,,,,,,,,,,,,,,,,,,,,Q,,,,,,,,,,,,,,,,,,,,,,,,,,sm,,,,,,,,,,,,,,,
,,lc,,,,,,,,as,,,,,Q,,,,,,,,lc,,,,,,,,,,,,,,,,,,,lc,,,,,,,,,,,,,,,,,,,,,,,,,,,,,,,,,,,,,,,,,,,,,,,,,,,,,,,,,,,,,,,,,,,,,,,,,,,,,,,,,,,,,,,lc,,,,,,,,,,,,Q,,,,,,,,,,,,,,,,,,,,,,,,,,,,,,,,,,,,,,,,,,,,,,,,,,,,,,,,lc,,,,,,,,,,,,,,,,,,,,,,,,,,,,,Q,,,,,,,,,,,,,,,,,,,,,
,,,,,,,,Q,,,,,,,,,,,,,,,,,,,,,,,,,,,,,,,,,,,,,,,,,,,,,,,,,,,,,,,,,,,,,,,,,,,,,,,,,,,,,,,,,,,sm,,,,,,,,,,,,,,,,,,,,,,,,,,,,,,,,,,,,,,,,,,,,,,,,,,,,,,,,,,,,,,,,,,,,,,,as,,,,,,,,,,,,,,,,,,,,,,Q,ps,,,,,,,,,,Q,,,,,,,,,,,,,,,,,,,,,,,,,,,,,,,,,,,,,,Q,,,,,,,,,,,,,,
,,,,,,,,,,,,,,,,,,,,,,,,,,,,,,,,,,,,,,,,,,,,,,,,,,,,,,,,,,,,,,,,,,,,,,,,,,,,,,,,,,,,,,,,,,,,,,,,,,,,,,,,,,,,,,,,,,,,,,,,,,,,,,,,,,,,,,,,,,,,,,,,,,,,,,,,,,,,,,,,,,,,,,,,,,,,,,,,,,,,,,,,,,,,,,,,,,,,,,,,,,,,,,,,,,,,,,,,,,,,,,,,,,,,,,,,,,,,,,,,,,,,,,,
,,,,,,,,,,,,,,,,,,,,,,,,,,,,ps,,,,,,,,,,,,,,,,,,,,,,,,,,,,,,,,,,,,,,,sc,,,,,,,,,,,,,,,,,,,,,,,,,,,,,,,,,,,,,,,,,,,,,,,,,,,,,,,,,,,Q,,,,,,,,,,Q,,,,,,,,,,,,,,,,,,,,,sc,ps,ps,,,,,,,,,,,,,,,,,,,,,,,,,,,,,,,,,,,,,,,,,,,,,ps,,,sc,,,,,,,,,,,,,,,,,,,,,,,ps,,,,,,,,,,,,,,,,,
,,,,,,,,,,as,,,,,,,,,,,,,,,,,lc,,,,,,,,,,,,,,,,,,,,,,,,,,,,,,,,,,,lc,,,,,,,,,,,,,,,,,,,,,,,,,,,,,,,,,,,,,,,,,,,,,,,,,,,,,,,,,,,,,,,,,sm,,,,,,,,,,,,,,,,,,,,,,,,,,,,,,,,,,,,,,,,,,,,,,,,,,,,,,,,,,,,,,,,,,,,,,,,,,,,,,,,,,,,,,Q,,,,,,,,,,,,,,,,,,,,,,,,,,,,,,,,,,
,,,,,,,,,,,,,,,,,,,,,,,,,,,,,,,,,,,,,,,,,,,,,,,,,,,,,,,,,,,,,,,,,,,,,lc,,,,,,,,,,,,,,,,,,,,,,,,,,,,,,,,,,,,,,,,,,,,,,,,,,,,,,,,,,,,,,,,,,,,,,,,,,,,,,,,,,,,,,,,,,,,,,,,,,,,,,,,,,,,,,,,,,,,,,,,,,,,,,,,,,,,,,,,,,,,,,,,,,,,,,,,,,,,,,,,,,,,,,,,,,,,,,,,,,
,,,,,,,,,,,,,,,,,,,,,,,,,,,,,,,,,,,,,,,,,,,,,,,,,,,,,,,,,,,,,,,,,,,,,,,,,,,,,,,,,,,,,,,,,,,,,,,,,,,,,,,,,,,,,,,,,,,,,,,,,,,,,,,,,,,,,,,,,,,,,,,,,,,,,,,,,,,,,,,,,,,,,,,,,,,,,,,,,,,,,,,,,,,,,,,,,,,,,,,,,,,,,,,,,,,,,,,,,,,Q,,,,,,,,,,,,,,,,,,,,,Q,,,,,,,
,,,,,,,,,,,,,,,,,,,,cb,,ps,,,,,,,ps,,,,,,,,,,,,,,,,,,,,,,,,,,,,,,,,,,,,,,,Q,,,,,,,,,,,,,,,,,,ps,,,,,,,,,,,,,,,lc,,,,,,,,,,,,,,,,,,,,cb,,,,,,,,,,,cb,,,,,,,,,,,,,,,,,,,,,,,,,,,,,,,,,,,,cb,,,,,,,,,,,,,,,,,,,,,,,,,,,,,,,,,,,,,,,,,,,,,,,,,,,,,,,,,,,,,,,,,,,,,,,,,,,,,,,
,,,,,,,,,,,,,,,,,,,,,,,,,,,,,,,,,lc,,,,,,,,,,,,,,,,,,,,,,,,,,,,,,,,,,,,,,,,,,as,,,Q,,,,,,,,,,,,,,,,,,,,,,,,,,,,,,,,,,,,cb,,,,,,,,,,,,,,,,,,,,,,,,,,,,,,,lc,,,,,,,,,,,,,,,,,,,,,,,,,,,,,,,,,,,,,,,,,,,,,,,,,,,,,,,,,,,ps,,,,,,,,,,,,,,,,,,,,,,,,,,,,,,,,,,,,,,,,,,,
,,,,,,,,,,,,,,,,,,,,,,,,,,,,,,,,as,lc,,,,,,,,,,,,,,,,,,,,,,,,,,,,,,,,,,,,,,,,,,Q,,,,,,,,,,,,,,,,,,,,,,,,,,,,,,,,,,,,,,,,,,,,,,,,,,,,,,,,,Q,,,,,,,,,,,,,,,,,,,,,,,,,,,,,,,,,,,,,,,,,,,,,lc,,,,,,,,,,,,,,,,,,,,,,,,,,,,,,,,,,,,,,,,,,,,,,,,,,,,,,,,,,,,,,,,,,,,,,
,,,,,,,,,,,,,,,,,,,,,,,,,,sm,,Q,,,,,,,,,,Q,,,as,,,,,,,,,,,,,,,,,,,,,,,,,,,,lc,,,,,,,,,,,Q,sm,,,,,,,,,,,,,,,,,,Q,,,,,,,,,,,,,,,,,,,,,,Q,,,,,,,,,sm,,,,,,,ps,,,,,,,,,,,,,,,,,,,,,,,,,,,,,,,,,,,,,,,,,,,,,,,,,,,,,,,,,,,,,,,,,,,,,,,,,,,,,,,,,,,,,,,,,,,,,,,,,,,sm,,,,,,,,,,,
,,,,,,,,,,,,,Q,,,Q,,,,,,,,,,,,,,,,,,,,,,,,,,,,,,,,,,,,,,,Q,,,,,,,,,,,,,,,,,,,,,,,,,,,,,,,,,,,,,,,,,,,,,,,,,,,,,,,,,,,,,,,,,,,,,,,,,,,,,,,,,,,,,,,,,,,,,,,,,,,Q,,,,,,,,,,,,,,Q,,,,,,,,,,,,,,,,,,,,,,,,,,,,Q,,Q,,,,,,,,,,,,,,,,,,,,,,,,,,,,,,,,,,,,,,,,,,,,Q,,Q,Q,,
,,,,,,,,,,,,,,,,,,,,,,,,,,,,,,,,,,,,,,,,,,,,,,,,,,,,,,,,,,,,,,,,,,,,,,,,,,,,,,,as,,,,,,,,,,,,,,,,,,,,,,,,,,,,,as,,,,,,,,,,,,,,,,,,,,,,,,,,,,,,,,,,,,,,,,,,,,,lc,cb,,,,,,,,,,,,,,,,,,,,lc,,,,,,,,,,,,,,,,,,,,,,,,,,,,,,,,,,,,,,,,,,,,,,,,as,,,,,,,,Q,,,,,,,,,,,,,,,,,
,,,,,,,,,,,,,,,,,,,,,,,,,,,,,,,,,,,lc,,,,,,as,,,,,,lc,,,,,,,,,,,,,,,,Q,,,,,,,,,,,,,,,,,,,,lc,,ps,,,,,,,,,,,,,,,,,,,,,,,,,,,,,,as,,,,,,cb,,,,,,,,,,,,,,,,,,,,,,,Q,,,,,,,,,,,,,,,,,,,,,,,,,,,,,,,,,,,,,,,,,,,,,,,,,,,,,,,,as,,,,,,,,,,,,,,,,,,,,,,,,,,,,,,,,,,,,,,,,,,,,,,,
,,,,,,,,,,,,,,,,,,,,,,,,,,,,,,,,,,,,,,,cb,,,,,,,,,,,,,,,,,,,,,,,,Q,,,,,,,,,,,,,,,,,,,,,,,,,,,,,,,,,,,,,,,,,,,,,,,,,,,,,,,,,,,,,,,,,,,,,cb,,,,,,,,,,,,Q,,,,,,,,cb,,,,,,,,,,,,,,,,,,,,,,,,,,,,,,,,,,,,,,,,,,,,,,,,,,,,,,,,,,,,,,,,,,,,,sc,,,,,,,,,,,,,sm,,,,,,,,,,,,,
,,,,,,,,,,,,,,,,,,,,,,,,,,,,,,,,,,,,,,,,,,,,,,,,,,,,,,,,,,,,,,,,,,,,,,,,,,,,,,,,,,,,,,,,,,,,,,,,,,,,,,,cb,,,,,,,,,,,,,,,,,,,,,,,,,,,,,,,,,,,,,,,sc,,,,sm,,,,,,,,,,,sc,,,,,,,,,,,,,,,,,,,,,,,,,,,,,,,,,,,,,,,,,,,,,sm,,,,,,,,,,,,,,,,,,Q,,,,,,,,,,,,,,,,,,,,,,,,,,,
,,,,,,,,,,,,,,,,,,,,,,Q,,,,,,,,,,,,,,,,,,,,,,,,,,,,,,,,,,,,,,,,,,,sm,,,,,,,,,,,,,,,,,,,cb,,,,,,,,,,,,,,,,,,,,,,,,,,,,,,,,,cb,,,,,,,,,,,,,,,,,,,,,,,,,,,,,,,,,,,,,,,,,,,,,,,,,,,,,,,,,,,,,,,,,,,,,,,,,,,,,,,,,,,,,,,,,,sc,,,,,,,,,,,,,,,,,,,,,,,,,sm,,,sm,,,,,,,,,,,,
,,,,,,,,,,,,,,,,,,,,,,,,,,,,,,,,,,,,,,,,,,,,,,,,,,,,,,,,,,,,,,,,,,,,,,cb,,,,,,,,,,,,,,,,,,,,,,,,,,,,,,,,,,,,,,,,,,,,,,,,,,,,,,,,,,,,,,,,,,,,,,,,,,,,,,,,,,,,,,,,,,,,,,,,,,,,,,,,,,,,,,,,,,,,,,,,,,,,,,,,,,,,,,,,,,,,,,,,,,,,,,,,,,,,,,,,,,,,,,,,,,,,,,,,,
,,,,,,,,,,,,,,,,,,,,,,,,,,,,,,,,,,,,,,,,,,,,,,,,,,,,,,,,,,,,,,,,,,,,,,,,,,,,,,,,,,,,,,,,,,,,,,,,,,,,,,,,,,,,,,,,,,,,,,,,,,,,,,,,,,,,,,,,,,,,,,,,,,,,,,,,,,,,,,,,,,,,,,,,,,,,,,,,,,,,,,,,,,,,,,,,,,,,,,,,,,,,,,,,,,,,,,,,,,,,,,,,,,,,,,,,,,,,,,,,,,,,,,,
,,,,,,,,,,,,,,,,,,,,,,,,,,,,,,,,,lc,,,,,,,,,,,,,,,,,,,,,,,,,,,,,,,,,,,,,,,,,,,,,,,,,,,,,,,,,,,,,,,Q,,,,,,,,,,,,as,,,,,,,,,,,,,,,,,,,,,,,,,,,,,,,,,,,,,,,,,,,,,,,,,,,,,,,,,,,,,Q,,,,,,,,lc,,,,,,,,,,,,as,,,,,,,,,,,,,,,,,Q,,,,,,,,,,,,,,,,,,,,,,,,,,,,,,,,,,,,,,,,,
,,,,,,,,,,,,,,,,,,,,,,,,,,,,,,,,,,,,,,,,,,,,,,,,,,,,,,,,,,,,,,,,,,,,,,,,,,,,,,,,,,,,,,,,,,,,,,,,,,,,,,,,,,,,,,,,,,,,,cb,,,,,sc,,,,,,,,,,,,,,,,,,,,sc,,,,,,,,,,Q,,,,,,,,,,,,,,,,,,,,,,,,,,,,,,,,,,,,,,,,,,,,,,,,,,,,,,,,,,,,,,,,,,,,,sc,,,,,,,,,,,,,,,,,,,,,,,,,,
,,,,,,,,,,,,,,,,,,,,,,,,,,,,,,,,,Q,,,,Q,,,,,,,,,,,,,,,,,,,,,,,,,,,,,,,,Q,,,,,ps,,,,,,,,,,,,,,,,,,,,,,,,,,,,,,,,,,,,,,,,,,,,as,,,,,,,,,,,,,,,,,,ps,Q,,,,,,,cb,,,,,,,,,,,,,,,,,,,,,,,,,,,,,,,,,,,,,,,,,,,lc,cb,,,,,,,,cb,,,,,,,,,,,,,,,,,,,,,,,,,,,,,,,,,,,,,,,,,,,,lc,,,,,,,
,,,,,,,,,,,,,,,,,,,,,,,,,,,,,,,,,,,,,,,,,,,,,,,,,,,,,,,,,,,,,,,,,,,,,,,,,,,,,,,,,,,,,,,,,Q,,,,,,,,,,,,,,,,,,,Q,,,,,,,,,,,,,,,Q,,Q,,,,,,,,,,,,,,,,,,,,Q,,,,,,,,,,,,,,,,,,,,,,,,,,,,,,,,,,,,,,,,,,,,,,,,,,,,,,,,,,,,,,,,,,,,,,,,,,,,,,,,,,,,,,,,,,,,,,,,,,,,,,
,,,,,,,,,,,,ps,,,,,,,,,,,,,,,,,,,,,,,,,,,,,,,,,,,,,,,,,,,,,,,,,,,,,,,,,,,,,,,,,,,,,,,,,,,,,,,,,,,,,,,,,,,,,,,,,,,,,,,,,,,,,,,,,,,,,,,,,,,,,,,,,,,,,,,,,,,,,,,,,,,,,,,,,,,,,,,,,,,,,,,,,,,,,ps,,,,,,,,,Q,,,,,,,,,,,,,,,,,,,,,,,,,,,,,,,,,,,,,,,,,,,,,,,,,,,,,
,,,,,,,,,,,,,,,,,,,,,as,,,,,,,,,,,,,,,,,,,,,,,,,,,,,,,,,,,,,,,,,,,,,,Q,,,,,,,,,,,,,,,,,,,,,,,,,,,,,,Q,,,,,,,,,,,,,,,,,,,,,,,,,,,,,,,,,,,,,,,,,,,,,,,,,,,,,,,,,,,,,,,,,,,,,,,,,Q,,,,,,,,,,,,,,,,,,,,,,,,,,,,,,,,,,,,,,,,,,,,,,,,,,,,,,,,,,,,,,,,,,,as,,,,,,,,,,
,,,,,,,,,,,,,,,,,,,,,,,,,,,,,ps,ps,,,,,,,,,,,,,,,,,,,,,Q,Q,,,,,,,Q,,as,,,,,,,,,,,,,,,,,,,,,,,,,,,,,,,,,,,,,,,,,,,,,,,,,,,,,,,,,,lc,,,,,,,,,Q,,,,,,,,,,,,,,,,,,,,,,,,,,,,,,,,,,,,,,,,,,,,,,,,,,,,,,,,,,,,,,,,,,,,,,,,,,,,,,,,,,,ps,,,,,,,,,,,,,,,,,,,,,,,,,,,,,,,,,,,,
,,,,,,,,,,as,,,,,,,,,,,,,,,,,,,,,,,,,,,,,,,,,,,,,,,,,,,,,,,,,,,,,,,,,,,,,,,,,,,sc,,,,,,,,,,,,,,,,,,,,,,,,,,cb,,,,,,,,,,,,,,,,lc,,,,,,,,,,,,,,,,,,,,,,,,,,,,,,,,,,,,,,,,Q,,,,,,,,,,,,,,,,,,,,,,,,,,,,,,,lc,,,,,,,,,,,,,Q,,,,,,,,ps,,,,,,,,,,,,,,,,,,,,,,,,,sm,,,,,,,,,,,
,,,,,,,,,,,,,,,,,,,,,,,,,,,lc,,,,,,,,,,,,,,,,,,,,,,,,,,,,,,,,,,,,,,,,,,,,,,,,,,,,,,,,,,,,,,,,,,,,,,,,,,,,,,,,cb,,,,lc,,,,,,,,,,,,,,,,,,,,,,,,,,,,,,,,,,,,lc,,,,,,,,,,,,,,,,,,,,,,,,,,,,,,,,,,,,,,,,,,,,,,,,,,,,,,,,,,,,,,,,,,,,,,,,,Q,,,,,,,,,,,,,,,,,,,lc,,,,,,,,
,,,,,,,,,,,,,,,,,,,,,,,,,,,,,,,,,,,,,,,,,,,,,,lc,,,,,,,,,,,,,,,,,,,,,,,,,,,,,,,,,,,,,,,,,,,,,,,,,,,,,as,,,,,,,,,,,,,,,,as,,,as,,,,,,,,,,,,,,,,,,,,,,,,,,,,,,,,,,,,,,,,,,,,,,,,,,,,,,,,,,,,,,,,,,,,,,,,,,,as,,,,,,,,Q,,,,,,,,,,,,,,,,,,,,,,,,,,,,,,,,,,,,,,,,,,,ps,,,
,,,,,,,,,,,,,,,,,,,,,,,,,,,,ps,,,,,,,,,,,,,,,,,sc,,,,,,,,,,,,,,,Q,,,,,,,,,,,,,,,,,,,,,,,,,,,,,,,,,,,,,,,,,,,,,,,,,,,,,ps,,,,,,,,,,,ps,,,,,,,,,,,,,,,,,,sc,sc,,,,,,,,,,,,,,,,,,,,,ps,,,,,,,,,,,,,,,,,,,,,,,,,,,,,,,,,,,,,,,sc,,,,,,,,,,,,,,,,,,,,,,,,,,,,,,,,,,,,,,,,,,,,
,,,,,,,,Q,,,,,,,,,,,,,,,,,,,,,,,,,,,,,,,,,,,,,,,,,,,,,,,,,,,,,,,,,,,,,,,,,,,,,,,,,,,,,,,,,,,,,,,,,,,,,,,,,,,,,,,,,,,,,,,,,,,,,,ps,,,,,,cb,,,,,,,,,,,,,,,,,,,,,,,,,,,,,,,,,,,,,,,,,,,,,,,,,,,,Q,,,,,,,,,,,Q,,,,,,,,,,,,,,lc,,,,,,,,,,,,,,,,,,,,,,,,Q,,,,,,,,,,,,,,
,,,,,,,,,,,,,,,,,,,,,,,,,,,,,,,,,,,,,,,,,,,,,,,,,,,,,,,,,,,lc,,,,,as,,,,,,,,,,,,cb,,,,,,,,,,,,,,,,,,,,,,,,,,,,,,,,,,,,,,,,,,as,,,,,,,,,,,,,,,,,,,,,,,,,,,lc,,,,,,,,,,,,,,,,,,,,,as,,,lc,,,,,,,,,,,,,,,,,,,,as,,,,,,,,,,,,,,,,,,,,,,,,,,,,,,,,,,,,,,,,,,,,,,,,,,,,,,,,,,
,,,,,,,,,,,,,,,,sc,,,,,Q,,,,,,,,,,cb,,,,,,,,,,,,,,,Q,,sc,,,,,,,,,,,,,,,,,,,,,,cb,,,,,,,,,,,,,,,,,,,,,,,,,,,,,,,,,,,,,,,,sm,,,,,,,,,,,,,,,,,Q,,,,,,Q,,,,,,,Q,,,,,,,,,,,,,,,,,,,,,,,,Q,,,,,,,,,,,,,,,Q,,,,,,,,,,,,,,,,,,,,,,,,,,,,,,,,,,,,,,,,,,,,,Q,,,,,,,,,,Q,,,,,,,,,,,,,
,,,,,,,,,ps,,,,cb,,,,,,,Q,,,,,,,,,,,,,,,,,,,,,,,,sm,,,,,,,,,,,,,,,,,,,,,,,,,,,,,,,,,,,,,,,,,Q,,,,,,,,sm,,,,,,,,,,,,,,,,,,,cb,,,,,cb,,,,,,,,,,,,,,,,,,,,,,,,,,,,,,,,,,,,,,,cb,,,,Q,,,Q,,,,,,,,,,,,,,,,,,,,,,,,,,,,,,,,,,,,,,,,,,,,,,,,,,,,,,,,,,,,,,,,,,,,,,,,,,,,,,,,,,,,
,,,,,,,,,,,,,,,Q,,,,,,,,,,,,,,,,,,,,,,,,,,,,,,,,,,,,,,,,,,,,,,,,,,,,,ps,,,,,,ps,,,,,,,,,,,,,,sm,,,,,,,,,,,,,,,,,,,,,,,,,,,,,,,,,,,,,,,,,,,,,,cb,,ps,,,,,Q,,,,,,,,,,,,,,,,,,,,,,,,,,,,,,,,,,,,,,,,,,,,,,,,,,,,,,,,,,,,,sm,,,,,,,,,,,,,,,,,,,,,,,,Q,,,,ps,,,,,,,,,,,,,,,,,
,,,,,,,,,,,,,,,,,,,,,,,,,,,,,,,,,,,,,,,,,,lc,,,,,,,,,,,,,,,,,,,,,,,,,,,,,,,,,,,,cb,,,,,,,,,,,,,,,,,,,,,,,,,,,,,,,,,,cb,,,,,,,,,,,,,,,,,,,,,,,,,,,,,,,,,,,,,lc,,,,,,,,,,,,,,,,,,,,,,,,,,,,,,,,,,,,,,,,,,,,,,,,,,,,,,,,,,,,,,,,,,,,,,,,,,,,,,,,,,,,,,,,Q,,,,,,Q,,,,
,,,,,,,,,,,,,,,,,,,,,,,,,,,,ps,,,,,,,,,,,,,,,,,,,,,,,,,,,,,,,,,,,,,,,,,,,,,,,,,,Q,,,,,,,,,,,,,,,,,,,,,,,,,,,,,,,,,,,,,,,,,,,,,,,,,,,,,,,,,,,,,,,,,,,,,,,,,,,,,,,,,,,,,,,,,,,,,,,,,,,,,,,,,,,,,,,,,,,,,,,,,,,,,,,,,,,,,,,,,,,,,,,,,,,,,,,,,,,,,,sm,,,,,,,,,,,
,,lc,,,,,,,Q,,,,,,,,,,,,,,lc,,,,,,,,,,,,,,,,,,,,,,,,,,,,,,,,,,,,,,,,,,,,,,,,,,ps,,,Q,,,,,,,,,,,lc,,,,,ps,,,,,,,,,,,,,,,,,,,,,,,,,,,,Q,,,,,,,,,,,,,,,,,,,,,,,,,Q,,,,,,,,,,,,,,,,,,,,,,,,,,,,,,,,,,,,,,,,,,,,,,,,,,,,,,,,,,,,ps,,,,,,,,,,,,,,,,,,,,,,,,,,,,,,,,,,,,,,,,,,
,,,,,,,,,,,,,,,,,,,,,,,,,,,,,,,,,,,,,,,,,,,,,,,,,,,as,,,,,,,,,,,,,,,,,,,,,,,,,,,,,,,,,,,,,,,,,,Q,,,,,,,,,,,,,,,,,,,,,cb,,,,,,,,,,,,,,,,,,,,,,,,,,,,,,,,,,,,,,,,,,,,,,,,,,,,,,,,,cb,,,,,,,,,,,,,,,,,,,,,,,,,,,,,,,,,Q,,,,,,,,,,cb,,,,,,,,,,,,,,,,,,,,,,,,,,,,,,,,,
,,,,,,,,,,,,,,as,,,,,,,,,,,,,,,,,,,,,,,,,,,,,,,Q,,,,,,Q,,,,,,,,,Q,,,,,,,,,,,,,,,,,,,,,,,,,ps,,,sm,,,,,,,,,,,,,lc,,,,,,,,,,,,,,,,,,,,,,,,,,,,,,,,,,,,,Q,,,,,,,,,,,,,,,,,,,,,,,,,,,Q,,,cb,,,,Q,,,,,,,,,,,,,,,,cb,,,,,,,,cb,,,,Q,,,,,,,,,,,,,,,,,,,,,,,,,,,,,,,,Q,,,,,,,,,,,,,,,
,,,,,,,,,,,,,,,,,,,,,Q,,,,,,,,,,,,,,,,,,,ps,,,,,,Q,,,,,,,,,,,,,,,,,,,,,,,,,,,,,,,,,,,,,,,,,,,,,,,,,,as,,,,,,,,sm,,,,,,,,,,,,,,,,,,,sc,,,,Q,,,,,,Q,,sm,,,,,Q,,,,,,,,,,sc,,,,,,,,,,,,,,Q,,,,,,,,,,,,,,,Q,,,,,,,,,,,,,,,,,,,,,,ps,,,,,,,,,,,as,,,,,,,,,,,,Q,,,,,,,,,,Q,,,,,,,,,,,,,
,,,,,,,Q,,,,,,,,,,,,,,,,,Q,,,,,,,,,,,,,,,,,,,Q,,,,,,Q,,,,,,,,,,,,,,,,,,,,,,cb,,,,,,,,,,,,,,,,,,,,,,,,,,,,,,,,,sm,,,,,Q,Q,,,,,,,,,,,,,sc,,,,,,,,,,,,,,,,,,,,,,,,,,,,,,,,Q,,,,,,,,,,,,sm,,,,,,,,as,,,,,,,,,,,,,Q,,,,,,,,,,,Q,,,,,,,,,,,,,,,,,,,,,,,,,,,,,,,,,,,,,,,,,,,,,,,,
,,,,,,,,,,,,,,,,,,,,,,,,,,,,,,,,,,,,,,,,,,,,,,,,,,,,,,,,,,,,,,,,,,,,,,,,,,,,,,,,,,,,,,,,,,,,,,,,,,,,,,,,,,,,,,,,,,,,,,,,,,,,,,,,,,,,,,,,,,,,,,,,,,,,,,,sm,,,cb,,,,,,,,,,,,,,,,,,,,,,,,,,,,,,,,,,,,,,,,,,,,,,,,,,,,,,,,,,,,,,,,,,,,,,,,,,,,,,,,,,,,,,,,,,,,,
,,,,,,,,,,,,,,,,,,,,,,,,,,,,,,,,,,,,,,,,,,,,,,,,,,,,,,,,,,,,ps,,,,,,,,,,,,,,,,,,,,,,,,,,,,,,,,,,,,,,,,,,,,,,,,,sc,,,,,,,,,,,,,,,,,,,,,,,,,,,,,,,,,,,,,,,,,,,,,,,,,,,,,,,,,,,,,,,,,,,,,,,,,,,,,,,,,,,,,,,,,,,,Q,,sc,,,,,,,,,,,,,as,,lc,,,,as,sc,,as,,,,,,,,,,,,,,,,,,,,,,
,,,,,,,,,,,,,,,,,,,,,,Q,,,sm,,,,,,cb,,,,,,,,,,,,,,,,,,,as,,,,,sc,,,,,,,,,,,,,,,,,,,,,,,,,,,,,,,,,,,,,,,lc,sc,,,,,,,,,,,,,,,,,,,,,,,,,,,,,,,,,,,,,,,,,,,,,,,,,,,,,,,,,,,,,,,,,,,,,,,,,,,,,,,,,,,sc,,,,,,,,,,,,,,,,,,,,,,,,,,,,,,,,,,,,,,,,,,,,,,,,,,,,,,,,,,,,,,,,,,,,,
,,,,,,,,,ps,,,,,,,,,,,,,,,,,,,,,,,,,,,,,,,,,,,,,,,,,,,,,,,,,,,,,,,,,,,,,,,,,,,,,,,,,,,,,,,,,,,ps,,,,,,,,,,,,,,,,,,,,,,,,,,,,,,,,,,,,,lc,,,,,,,,,,,,,,,,,,lc,as,,,,,,,,,,,,,,,,,,,,,lc,,,,,,,,Q,,,,,,,,,,,,,,,,,,,,,,,,,,,,ps,,,,,,,,,,,,,,,,,,,,,,,,,,,,,,,,,,lc,,,,,,,,
,,,,,,,,,,,,,,,,,,,,Q,,,,,,,,,,,,,,,,,,,,,,,,,,,,,,,,,,,,,,,,,,,,,,,,,,,,,,,,,,,,,,,,,Q,,,,,,,,,,,,,,,,,,,,,,,,,,,,,,,,,,,,,,,,,,,,,,,,,,,,,,,,,,,,,,,,,,,,,,,,,,,Q,,,Q,,,,,,,,,,,,,,,,,,,,,,,,,,,,,,,,,,,,,,,,,,,,,,,,,,,,,,,,,,,,,,,,,,,,,,,,,,,,,,,,,,,,
,,,,,,,,,,,,,,,,,,,,,,,,,,,,,,,,,,,,,,,,,,,,,,,,,,,,,,,,,,,,,,,,,,,,,,,,,,,,,Q,,,ps,,cb,,,,,,,,,,,,,,as,,,,,,ps,,,,,,,,,,,,,,,,,,,,,,,,,,,,,,,,,,,,,,,,,,,,,,,,,,,,Q,,,,,,,,,,,,,,,,,,,,,,,,,,,,,,,,,,,,,,,,,,cb,,,cb,,,,,,,,,,,,,,,,cb,,,,,,,,,,,,,,,,,,,,,,,,,,,,,,,,
,,,,,,,,,,,,,,,,,,,,,,,,,,,,,,,,,,,,,,,,,,,,,,,,,,,,,,,,,,,,,,,,,,,,,,,,,,,,,,,,,,,lc,,,,,,,,,,,,,,,,,,,,,,,,,,,,,,,,,,,,,,,,,,,,,,,,,,,,,,,,,,,,,,,,,,,,,,lc,,,,,,,,,,,,cb,,,,,,,,,,,,Q,,,,,,,,,,,,,,,,,,,,,,cb,,,,,,,,,,,,,,,,,,,,,,,,,,,,,,,,,,,,,,,,,,,cb,,,,,
sc,,,,,as,,,,,,,,,,,,lc,,,,,,,,,,,,,,,,,,,,,,,,,,,,,,,,,,,,,,sc,,,,,,,,,,,,,ps,,,,,,,,,,,,,,Q,Q,,,,,,,,,,,,,,,,,,,,,,,,,,,,,,,,,,,,,,,,,,,,,,,Q,Q,,,,,,,,,,,Q,Q,,,,,,,Q,,,,,,,,,,,,,,,,,,,,,,as,,,,,,,,,,,,,,,,,,,,,,,,,,,,,,,,,,,,as,,,,,,,,,,,,,,,,,,,Q,,,,,,,,,,,,,,,,,,ps,,
,,,,,,,,,,,,,,,,,,,,,,,,,,,,,,,,,,,,,,,,,,,,,,,,,,as,Q,Q,,,,,,,Q,,,,as,,,,,,,,,,,,,,,,,,,,,,,,,,,,,,,,,,as,,,,,,,,,,,,,,,,,,,,,,,,,,,,,,,Q,,,,,,,,,,,,,,,,,,,,,,,,,,,,,,,,,,,,,,as,,,,,,,,,,,,,,,,,,lc,,,,,,,,,,,,,,,,,,,,,,,,,,,,,,,,,,,,,,,,,,,,,,,,,,sm,,,as,,,,,,,,,,
,,,,,,,,,,,,,,,,,,,,,,,,,,,,,,,,,,,,,,,,,,,,,,,,,,,,cb,,,,,,,,,,,Q,,,,,,,,,as,,,,,,,,,,,,,,,,,,,,,,,,,,,,,,,,,,,,,,,,,,,,,,,,,,,,,,,,,,,,,,,,,,,,,,,,Q,,,,,,,,,,,,,,,,,,,,,,,,,,,,,,,,,,,,,,,,,,,,,,,,,,,,,,,,,,,,,,,,,,,,,,cb,,,,,,,,,,,,,,,,,,,,,,,,,,,,,,,,,
,,,,,,,,,,,,,,,,,,,,,,,,,,,,,,,,,,,,,,,,ps,,,,,,,lc,,,,,,,,,,,,,,,lc,,,,,,,,,,,,,,,,,,,,,,,,,,,,,,,,,,,,,,,,,,,,,,,,,,,,,,,,,,,,,,ps,as,ps,,,,,,,,,,,,,,,,,,,,,,,,,,,,,,,,,,,,,,,,,,,,,,,,,,,,,sc,,,,Q,,,,,,,,,Q,,,,,,,,,,,,,,,,,,,,,,,,,,lc,,,,,,,,,,,,,,,,,,,,,,,,,,,,,
,,,,,,,,,,,,,,,,,,,,,,,,,,,,,,,,,,,,,,,,,Q,,,,,,,,,,,,,,,,,,,,,,,,,,,,,,,,,,,,,,,,,,,,,,,,,,,,,,,,,,,,,,,,sc,,,,,,,,,,,,,,,,,,,,,,,,,,,,,,,,ps,,,,,,,,,,,,,,,,,,,,,,,,,,,,,,sm,,,,,,,,,,,,,,,,,,,,Q,,,,,,,,,,,,,,,,,,,,,,Q,,,,,,,,,Q,,,,,,,,,,,,ps,,,sm,,,,,,,,,,,,,,
,,,,,,,,,,,,,,,,,,,,,,,,,Q,,lc,,,,,as,,,,,,,,,,,,,,,,,,,,,,,,,,,,,,,,,Q,,,,,,,,,,,,,,,,,,,,,,,,,,,,,,Q,,,,,,,,,,,,,,,,,,,,,,,,,,,,,,,,,,,,,,,,,,,,,,cb,,,,,,lc,,,,,,,,,,,,,,,,,,,,,,,,cb,,,,,,,sc,,,,,,,,,,,,,,,,,,,,,,,,,,,,,,,,,,,,,,,,,,,,,,,,,,,,,,,,,,,as,,lc,,,,,,,,
,,,,,,,,,,,,,,,,,,,lc,,,,,,,,,,,,,,,,,,,,,,,,,,,,,,,,,,,sm,,,,,,ps,,,,,,,sc,,,,,,,,,,sc,,,,,,,,,,,,,,,,,,,,,,,,,,,,,,,,,,,,,,,,,,,,,,,,,,,,,,,,,,,,,,,,,,sc,,,,,,,,,,,,,,,,,,,,,,,,,,,,,,,,,,,,,,,,,,,,,,,,,,,,,,,,,,,,,,,,,,,,,,,,,as,,,,,,,,,,,,,,,ps,,,,,,,,,,,,,,,,
,,,,,,,,,,,cb,,,,,,,,,,,,,,,,,,,,,,,,,,,,,,Q,,,,,,,,,,,,,,,,,,,,,,,,,,,,,,,,,,,,,,,,sm,,,,,,,,,,,,,,,,,,,,,,,,,,,,,,,,,,,,,,,,,,,,as,,,,,,,,,,,,,,,,,,,,,,,,,,,,,,,,,,,,,,,,,,,,,,,,,,,,,,,,,,,,,,Q,,,,,,,,,,  ,,,,,,,,,,,,Q,,,,,,,,,Q,,,,,sc,,,,,,,,,,,,,,,,,,,,,,,,
,,,,,,,,,,,,,,,,,,,,,,,,,,,,,,,,,,,,,,,,,,,sm,,,,,,,,,,,sm,,,,,,,,,,,,,,,,,,,,,,,,,,,,,,cb,,,,,,,,,,,,,,,,,,,,Q,,,,,,,,,,,,,,,,,,,,,,,,,,,,,,,,,,,,,,,,cb,,sm,,,,sc,,,,,,,,,,,,,,,,,,,,,,as,,,,,,,,,,,,,,,,,,,,,,,,,,,,,,,,,,,,,,,,,,,,,,,,,,,,,,,,,,,,,,Q,,,,cb,,,,,,,,,
,,,,,,,sm,,,,,,,,,,,,,,,,,sm,,,,,,,,,,,,,,,,,,,,,,,,,as,,,,,,,,,,,,,,,,,sm,,,,,,,,,,,,,,,,,,,,,,,,,,,,,,,,,,,,,,,,,,,,,,,Q,,,,,,,,,,,,,,,,,sm,,,,,,,,as,,,,,,,,,,,,,,,,,,,,,,,,,,,,,,,,,,,,,,,,,,,,,,,,,,,,,,,,,,,,,,,,,,,,,,,,,,,,Q,,,,,,,,,,,,,,,,,,,,,,,,,,,sm,,,,,,
,,,,,,,,,,,,,,,,,,,,,,,,,,,,,,,,,,,,,,,,,,,,,,,,,,,,,,,,,,,,,,,as,,,,,,,,,,,,,,,,,,,,,,,,,,,,,,,,,,,,,,,,,,,,,,,,,,,,,,,,,,,,,,,,,,,,,,,,,,,,,,,,,,,,,,,,,,,,,,,,,,,,,,,,,,,,,as,,,as,,,,,,,,,,,,,,,,,,,,,,,,,,,,,,,,,,,,,,,,,,,,,,,,sc,,,,,,,,,,,,sm,,,,,,,,,,,,
,,,,,,,,,,,,,,,,,,,,,,,,,,,,,,,,as,,,,,,,,,,,,,,,,,,,,,,,,,,,,,,,,,,,,,,,,,,,,,,,,,,Q,Q,,,,,,,,,,,,,,,,,,,,,,,,,,,,,,,,,,,,,,,,,,,,,,,Q,Q,,,,,,,,,,,Q,Q,,,,,,,Q,,,,,,,,,,,,,,,,,,,,,,,,,,,,,,,,,,,,,,,,,,,,,,,,,,,,,,,,,,,,,,,,,,,,,,,,,,,,,Q,,,,,,,,,,,,,,,,,,,,
,,,,,,,,,,,,,,,,,lc,,,,,,,,,,,,,,,,,,,,,,,,,,,Q,,,,,,,,,,Q,,,,,,,,,,,,,,,,,,,,,,,,,,,,,,,,,,,,,,,,,,,,,,,,,,,,,,,,,,,,,,,,,,,,,,,,,,,,,,,,,,,ps,as,,,,,,,,,,,,,,,,,,,,,,,,,,,,,,,,,,,,,,,,,,,,,,,,,,,,,,,as,,,,,,,,,,,,,,,,,,,,,,,,sc,,,,,,,,,,,,,,,,,,,,,,,,,,,,,,
,,,,,,,,,,,,,,,,,,,,,,,,,,,,,,,cb,,,,,,,,,,,,,,Q,,,sc,as,,Q,,,,,,,,,Q,,,,,,,,,,,,,,,,,,,,,,,,,,,,,cb,,,,,,,,,,,,,,,,,,,,,,,,,,,,,,,,,,,,,,,,,,,,,,,,,Q,,,,,,,,,,,,,,,,,,,,,,,,,,,Q,,sm,,,,,Q,,,,,,,,,,,,,,,,,,,,,,,,,,,,Q,,,,,,,,,,,,,,,,,,,,,,,,,,,,,,,,Q,,,,,,,,,,,,,,,
,,,,,,,sm,,,,,,,,ps,,,,,,,Q,,sm,,,,,,,,,,,,,,,,,,,,,,,,,,,,,,,,,,,,,,,,,,,,,,,,,,,,,,,,,,,,,,,,,,,,,,,,,,,,,,,,,,,,,,,,,,,,,,,,,,,,,,,,,,,,,sm,,sm,,,,,,,,,,,,,,,,,,,,sm,,,ps,,,,,,,,,,,,,,,,,,,,,,,,,,,,,,,,,,,,,,,,,,,,,,,,,,,,,,,,,,,,,,,,,,,,,,,,,,,,,,,,,,,,,,,,,
,,,,,,,,,,,,,,as,,,,,,,,,,,,,,,,,,,,,,,,,,,,,,,,,,,,,,,,,,,,,,,,,,,,,,,,,,,,,,cb,,,,,,,,,,,,,,,,,,,,,,,,,,,,,,,,,,,,,,,Q,,,,,,,,,,,,,,,,,,,,,,,,,,,,,,,,,,,,,,,,,,,,,,,,,,,,,,,,,,,,,,,,,,,,,,,,,,,,,,,,,,,,,,,,,,,,,,,,,,,,,,,,,,,,,,as,,cb,,,,,,,,,,,,,,,,,,,,
,,,,,,,,,,,,,,,,,,,,,,,,,,,,,,,,,,,,,,,,,,,,,,,,,,,,,,,,,,,,,,,,,,,,,,cb,,,,,,,,,,,,,,,,,,,,,,,,,,as,,,,,,,,,,,,,,,,,,,,,,,,,,,,,,,,,,,,,,,,,,,,sc,,,,,,,,,,,,,,,,,,,,,,,,,,,,,,,,,,,,,,,,,,,,,,,,,,,,,,,,,,,,,,,,,,,,,,,,,,,,,,,,,,,,,,,,,,,,,,,,,,,,,,,,,,,
,,,,,,,,,,,,,,,,,,,,,,,,,,,,Q,,,,,,,,,,Q,,,,,,,,,,,,,,,,,,,,,,,,,,,,,,,,,,,,,,,,,,Q,,,,,,,,,,,,,,,,,,,Q,,,,,,,,,,,,,,,,,,,,,,Q,,,,,,,,,,,,,,,,,,,,,,,,,,,,,,,,,,,,,,,,,,,,,,,,,,,,ps,,,,,,,,,,,,,,,,,,,,,,,,,,,,,,,,,,,,,,,,,,,,,,,,,,,,,,,,,,,,,,,,,,,,,,,,,,
,,,,,,,,,,,,,,,,,,,,,,,,,,,,,,,,,,,,,,,cb,,,,,,sc,,,,,,,,,,,,,,,,,,,,,,,,,,,,,,,,sc,cb,,,,cb,,,,,,,,,,,,,,,,,,,,,,,,,,,,,,,,,,,,,,,,,,,,,,,,,,,,,,,,,,,,,sc,,,,,,,,,cb,,,,,,,Q,,,,,,,,,,,,,,,,,,,,,,,,,,,,,,,,,,,,,,,,cb,,,,Q,,,,,,,,,,,,,,,,,,,,,,,,,,,,,,,,,,,,,,,,,,,,
,,,,,,,,,,,,,,,,,,,,,,,,,,,,,,,,,,,,,,,,,,,,Q,,,,,,,,,,Q,,,,,,,,,,,,,,,,,,,,,,,,,,,,cb,,,,,,,,,,,,,,,,,,,,,,,,,,,,,,,,,,,,,,,,,,,,,,,,,,,,,,,,,,,,,,,,,,,,,,,,,,,,ps,,,,,,,,,,,,,,,,,,,,,,,,,,,,,,,,,,,,,,,,,,,,,,,,,,,,,,,,,cb,,,,,,,,,,,,,,,,,,,,,,,,,,,,,,,,
,,,,,,,,,,,,,,,,,,,Q,,,ps,,,,,,ps,,,,,,,,,,,,ps,,,,,,,,,,,,,,Q,,,,,,,,,,Q,,,,,,Q,,Q,,,,,,,,,,,,,,ps,,,,,,,,,,,,,,,,,,,Q,,,,,,,,ps,,as,,,,,,,,,,,,,,,,,,,,,,,,,,,,,,,,,,,,,,,,,,,,ps,,,,,ps,,,,,,,,,,,,,,,,,,,,,,,,,,,,,,,,,,,,,,,,,,,,,,,,,,,,,,,,Q,,,,,,,,,,,,,,,,,,,,,,,,,,,
,,,,,,,,,,,,,,,,,,,,,,,,,Q,,,,,,,,,,,,lc,,,,,,,,,,,,,,,,,,,,,,,,,,,,Q,,,,,,,,,,,,,,,,,,,,,,,,,,,,,,Q,,,,,,,,,,,,,,,,,,,,,,,,,,,,,,,,,,,,,,,,,,,,,,,,,,,,,,,,sm,,,,,,,,,,,,,,cb,,,,,,,,,,,,,,,,,,,,,,,,,,,,,,,,,,,,,,,,,,,,,,,,,,,,,,,,,,,,,,cb,,,,,,,,,,,,,,,,,,,,
,,,,,,,sm,,ps,,,,,,,,,,,,,,,,,,,,,,,,,,,,,,,,,,,,,,,,as,,,,,,,,,,,,,,,,,,,,,,,,,,,,,,,,,,,,,,lc,,,,,,,,,,,,,,,,,,,,,,,,,,,,,,,,,,,,,,,,,sc,,,,,,,,,,,,,,,,,,,,,,,,,,,,,,,,,,Q,,,,Q,,,,,,,,,,,,,,,,,,,,,,,,,,,,,,,,lc,,as,,,,,,,,,,,,,,,,,,,sm,,,,,,,,,,,,,,,,,Q,,,,,,,,,,,
,,,,,,,,,,,,,,,,,,,,,,,,,,,,,,,,,,,,,,,,,,,,,,,,,,,,,,,sc,,,,,,as,,,,,,,,,,,,,,,,,,,,,,,,,,,,,,,,,,,,,,,,,,,,,sc,,,,,,,,,,,,,,,,,,,,,,,,,,,,,,,,,,,,,,,,,,,,,,,,,,,,,,,,,,,,,,,,,,,,,,,,,,,,,,,,,,,,,sc,,,,,,,,,,,,,,,,,,,,,,,,,as,,,,,,,,,,,,,,,,,,,,,,,,,,,,,,,
,,,,,,,,,,,,,,,,,,,lc,,,ps,,,,,,,,,,,,,,,,,,,,,,,,,,,,,,,cb,,,,,,,,,,,,,,,,,,,,,,,,,,,,,,,,,ps,,,,,,,,,,,,,,,,,,,,,,,,,,,,cb,,,,,,,,,,,,,,,,,,,,,,,,,,,,,,,,,,,,,,,,,,,,,,,,,,,,,,,,,,,,,,,,sc,,,,,,,,,,,,,,,,,,,,,,,,,,,,,,,,,,,,,,,,,,,,,,,,,,,,,,,,,,,,,,,,,,,,,
,,,,,,,,,,,,,,,,,,,,,,,,,,,,,,,,,,,,,,,,,,,,,,,,,,,,,,,,,,,,,,,,,,,,,,,,,,,,,,,,,,,,,,,,,,,,,,,,,,,,,,,,,,,,,,,,,,,,,,,,,,,,,,,,,,,,,,,,,,,,,,,,,,,,,,,,,,,,,,Q,,,,,,,,,,,,,,,,,,,,,,,,,,,,,,,,,,,,,,,,,,,,,,,,,,,,,,,,,,,,,,,,,,,,,,,,,,,,,,,,,,,,,,,,,
,,,,,,,,,,,,,,,,,,,,,,,,,,,,,,,,,,,,,,,,,,,,sm,,,,,,,,,,,,,,,,,,,,,,,,,,,,,,,,,,,,,,,,,,,,,,,,,sm,,,,,,,,,,,,,Q,,,,,,,,,,,,,,,,,,,,,,,,,,,,,,,,,,,,,,,,,,,,,,,,,,,Q,,,sm,,,,,,,,,,,,,,,Q,,,,,,,,,,,,,,,,,,,,,,,,,,,,,,,,,,,,,Q,,,,,,,,,,Q,,,,Q,,,,,,,,,,,,,,,,,,,,,
,,,,,,,,,,,,,,,,,,,,,,,,,,,,,,,,,,,,,,,,,,,,,,,,,,,,,,,,,lc,,,,,,Q,,,,,,,,,,,,,,,,,,,,,,,,,,,,,,,,,,,,,,,,,,,,,,,,,,,,,,,,lc,,,,,,,,,,,,,,,,,,,,,,,,,Q,,,,,,,,,,,,,,,,,,,,,,,,,,,,,,,,,,,,,,,,,,,,,,,,,,,,,,,,,,,,,,,,,,,,,,,cb,,,,,,,,,,,,,,,,,,,,,,,,,,,,,,,,
,,,,,,,,,,,,ps,,,,,,,,,Q,,,,,,,,,,,,,,,,,,,,,,,,,Q,,,,,,,,,,,,,,,,,,,sm,,,,,,,,,,,,,,,,,,,,,,,,,,,ps,,,,,,,,,,,,,,,,,,,,,,,,,,,,,,,,,,,Q,,,,,,Q,,,,,,,Q,,,,cb,,,,,,,,,,,,,,,,,,,,Q,,,,,,,,,,,,,,,Q,,,,,,,,,,,,,,,,,,,,,,,,,,,,sc,,,,,,,,,,,,,,,,,Q,,,,,,,,sm,,Q,,,,,,,,,,,,,
,,,,,,,,,,,,,,,,,,,,,,,,,,,,,,,,,,,,,,,,,,,,,,,,,,,,,,,,,,,,,,,,,,,,,,,,,,,,,,,,,,,,,,,,,,,,,,,,,,,,,,,,,,,,,,,,,,,,,,,,,,,,,,Q,,,,,,,,,,Q,,,,,,,,,,,,,,,,,,,,,,,,,,,,,,,,,,,,,,,,,,,,,,,,,,,,,,,,,,,,,,,,,,,,,,,,,,,,,,,,,,,,,,,,,,,,,,,,,,,,,,,,,,,,,,,
,,,,,,,Q,,,,,,,,ps,,,,,,,,,Q,sm,,,,,,,,,,,,,,,,,,Q,,,,,,Q,,,,,,,sc,,,,,,,,,,sm,,ps,,,,,,,,,,,,ps,,,,,,,,,,,,,,,,,,,,,,,,,,,,,Q,Q,,,ps,,,,,,,,,,,,,,,,,,,,,,,,,,,,,,,,,,,,,,,,,,Q,,,,,,,,,,,,,,,lc,,,,,,,,,,,,,,,,,,Q,,,,,,,,,,,Q,,,,,,,,,,,,,,,,,,,,,,,,,,,,,,,,,,,,,,,,,,,,,,,,
,,,,,,,Q,,,,,,,,,,,,,,,,,Q,,,,,,,,,,,,,,,,,,,Q,,,,,,Q,,,,,,,sc,,,,,,,,,,,,,,,,,,,,,,cb,,,,cb,,,,,,,,,,,,,,,,,,,,,,,,,,,Q,Q,,,,,,,,,,,,,,,,,,,,,,,,,,,,,,,,,,,,,,,,,,,,,Q,,,,,,,,,,,,,,,,,,,,,,,,,,,,,,,,,Q,,,,,,,,,,,Q,,,,,,,,,,,,,,,,,,,,,,,,,,,,,,,,,,,,,,,,,,,,,,,,
,,,,,,,,,,,,,,,,,,,,,,,,,,,,,,,,,,sc,,,,,,,,,,,,,,,,,,,,,,,,,,ps,,,,,,,,,,,,,,,,,,,,,,,,,,,,,,,,,,,,,,,,,,,,,,Q,,,,,,,,,,,,,,,,sc,,,,,,,,,,,,,,,,,,,,,,,,,,,lc,,,,,,,,Q,,,,,,,,,,,,,lc,,,,,Q,,,,,,,,,,,sc,,,,,,lc,,,,,,,,,,,,,,,,,,,,Q,,,,,,lc,,,,Q,,,,Q,,,,,,,,,,,,,,,,,,,,,
,,,,,,,,,,,,,,,,,,,,,,,,,,,,,,,,,,,,,,,,,,,sm,,,,,,,,,,,,,,,,,,,,,,,,,,,,,,,,,,,,,,,,,,,,,,,,sm,,,,,,,,,,,,,,,,,,,,,,,,,,,,,,,,,,,,,,,,,,,,,,,,,,,,,,,,,,,,,,,,,,,,,,,,,,,,,,,,,,,,,,,,,,,,sm,,,,,,,,,,,,,,,,,,,,,,,,,,,,,,,,,,,,,,,,,,,,,,,,,,,,,,,,Q,,,,,,,,
,,,,,,,,,,,,,,,,,,,,,,,,,,,,,,,,,,,,,,,,,,,,,,,,,,,,,,,,,,,,,,,,,,,,,,,,,,,,,,,,,,,,,,,,,,ps,,,,,,,,,,,,,,Q,,,,,,,,,,,,,,,,,,,,,,,,,,,,,,,,,,,,,,,,,,,,,,,,,,,,,,,,,,,,,,,,,,,,,,,,,,,,,,,,,,,,,,,,,,,,,,,,,,,,,,,,,,,,,,,,,,,,,,,,,,,,,,,,,,Q,,,,,,,,,,,,,
,,,,,,,,,,,,,,,,,,,,,,,,,,,,,,,,,,,,,,,,,,,,,,,,,,,,,,,,,,,,,,,,,,,,,,,,,,,,,,,,,,,,,,,,,,,,,,,,,,,,,,,,,,,Q,,,,,,,,,,,,,,,,,,,,,,,,,,,,,,,,,,,,,,,,,,,,,,,,,,,,,,,,,,,,,,,,,,ps,,,,,,,,,,,,,,,,,,,,,,,,,,,,,,,,ps,,,,,,,,,,,,,,,,,,,,,,,,,,,,,,,,,,,,,,,ps,,,
,,,,,,,,,,,,,Q,,,Q,,,,,,,,,,,,,,,,,,,,,,,,,,,,,,,,,,,,,,,Q,,,,,,,,,,,,,,,,,,,,,,,,,,,,,,,,,,,,,,,,,,,,,,,,,,,,,,,,,,,,,,,,,,,,,,,,,,,,,,,,,,,,,,,,,,,,,,,,,,,Q,,,,,,,,,,,,,,Q,,,,,,,,,,,,,,,,,,,,,,,,,,,,Q,,Q,,,,,,,,,,,,,,,,,,,,,,,,,,,,,,,,,,,,,,,,,,,,Q,,Q,Q,,
,,,,,,as,,Q,,,,,,,,,,,,,,,,,,,,,,,,,,,,,,,,,,,,,,,,,,,,,cb,,,,,,,,,,,,,,,,,,,,,,,,,,,,,,,,,,,,,,,,,,,,,,,,,,,,,,,,,,,,,,,,,,,,,,,,,,,,,,,,,,,,,,,,,,,,,,,as,,,,,,,,,,,,,,,,,,,,,,,,,,,,,,,,,,,,Q,,,,,,,,,,,Q,,,,,,,,,,,,,,,,,,,,,,,,,,,,,,,,,,,,,,Q,,,,,cb,,,,,,,,,
,,,,,,,,,,,,,,,,sc,,,,,,,,,,,,,,,,,Q,,lc,,Q,,,,,,,,,,,,,,,,,,,,,,,,,,,,,,,,Q,,,,,,,,,,,,,,,,ps,,,,,,,,,,,,,,,,,,,,,,,,,,,,,,,,,,,,,,,,,,,,,,,,,,,,Q,,,sc,,,,,,,,,,,,,,,,,,,,,,,,,,,,,,,,,,lc,,,lc,,,,,,,,,,lc,,,,,,,,,,,,,,,,,,,,,,,,,,,,,,,,,,,,,,,,,,,,,,,,,,,,,lc,,,,,,,
,,,,,,,,,,,,,,,,,,,,,,,,,,,,,,,,,,,,,,,,,,,,,,,,,,,,,,,,,,,,,,,,,,Q,,,,,,,,,,,,,,,,,,,,,,,,,,,,,,,,,,,,,,,,,,,,,,,,,,,,,,,,,,,,,,,,,,,,,,,,,Q,,,,,,,,,,,,,,,,,,,,,,,,,,,,,,,,,,,,,,,,,,,,,,,,,,,,,,,,,,,,,,,,,,,,,,,,,,,,,,,,,,,,,,,,,,,,,,,,,,,,,,,,,,,,
sc,,,,,,,,as,,as,,,,,,,,,,,,,,,,,,,,,,,,,,,,,,,,,,,,,lc,,,,,,,,,,,,,,,,,,,,,,,,,as,,,,,,,,,,,,,,,,,,,,,,,,,,,,,,,,,,,,,,,,,,,,,,,,,,,,,,,,,,,,,,,,,,,,,,,,,,,,,,,,,,,,,,,,,,,,,,,,,,,,,,,,,,,,,,,,,,,,,,,,,,,,,,,,,,,,,,,,,,,,,,,,,,,,sm,,,,,,,,,,,,,,,,,,,,,,,,,,,
,,,,,,,,,,,,,Q,,,Q,,,,,,,,,,,,,,,,,,,,,,,,,,,,,,,,,,,,,,,Q,,,,,,,,,,,,,,,,,,,,,,,,,,,,,,,,,,,,,,,,,,as,,,,,,,,,,,,,,,,,,,,,,,,,,,,,,,,,,,,,,,,,,,,,,,,,,,,,,,,,Q,,,,,,,,,,,,,,Q,,,,,,,,,,,,,,,,,,,,,,,,,,,,Q,,Q,,,,,,,,,,,,,,,,,,,,,,,,,,,,,,,,,,,,,,,,,,,,Q,,Q,Q,,
,,,,,,,,,,,,,cb,,ps,,,,,,,,,,,,,,,,,,,,,,,,cb,,,,,,,,,,,,,,,,,,,,,,,,,,,,,,,,,,,,,,,,,,,,,,,,,,,,,,,,,,,,,,,,,,,,,,,,,,,,,,,,,,,,,,,,,,,,,,,cb,,,,,,,,,,,,,,,,,,,,,,cb,,,,,,,,,,,,,,,,,,,,,,,,,,,,,,,,,,,,,,,,,,,,,,,,,,,,,,,,,,,,,,,,,,,,,,sm,,,,,,,,,,,,,,,,,,,,,
,,,,,,,,,,,,,,,,,,,,,,,,,,,,,,,,,,,,,,,,,,,,,,,,,,,,,,,,,,,,,,,,,,,,,,,,,,,,,,,,,,,,,,,,,,,,,,,,,,,,,,,,,,,,,,,,,,,,,,,,,,,,,,,,,,,,,,,,,,,,,,,,,,,,,,,,,,,,,,,,,,,,,,,,,,,,,,,,,,,,,,,,,,,,,,,,,,,,,,,,,,,,,,,,,,,,,,,,,,,,,,,,,,,,,,,,,,,,,,,,,,,,,,,
sc,,,,,,,,,,,,,,,,,,,,,as,,,,,,,,,,,,,,,,,,,,,,,,,,,,,,,,,,,,,,,,,,,,,,sc,,,,,,,,,,,,,,,,,,,,,,,,,,,,,,,,,,,,,,,Q,,,,,,,,,,sm,,as,,,,,,,,,,,,,,,,,,,,,,,,sc,sc,,,,,,,,,,,,,,Q,,,,,,,,,,,,,,,,,,Q,,,,,,,,,,,,,,,,,,,,,,,,,,,,,,,,,,,,ps,Q,,,,,,,,,,Q,,,,Q,,,,,,,,,,,,,,,,,,,,,
,,,,as,,,,,,,,,,,,,,,,,,,,,,,,,,,,,,,,,,,,,,,,,,,,,,,,,,,,,lc,,,,,,,,,,,,,,,,,,,,,,,,,,,,,,,,,,,,,,,,,,,,,,,,,,,,,,,,,,,,,,,,,,,,,,,,,,,,,,,,,,,,,,,,,,,,,,,,,,,,,,,,,,,,,,,,,,,,,,,,,,,,,,,,,,,,,,,,,,,,,,,,,,,,,,,,,,,,,,,,,,,,,,,,,,,,,,,,,,,,,,,,,,,,,,
,,,,,,,,,,,,,,,,,,,,,,,,,,,,,,,,,,,,,lc,,,,,,,,,,,,,,,cb,,,,,,,,,,,,,,,,,,,,,,,,,,,,,,,,,,,,,,,,,,,,,,,,,,,,,,,,,,,,,,,,,,,,,,,,,,,,,,,,,,,,,,,,,,,,,,,,,,,,,,,,,,,,,,,,,,,,,,,Q,,,Q,,,,,,,,,,,,,,,,Q,,,,,,,,,,,,,,,,,,,,,,,,,,,,,,,,,,,,,,,,,,,,,,,,,,,,,,,,,sc
,,,,,,,,,,,,,,,,,,,,,,,,,,,,,,,,,,,,,,,,,,,,,,,,,,,,,,,,,,,,,as,,,,,,,,,,,,,,,,,,,,,,,,,,,,,,,,,,,,as,,,,,,,,,,,,,,,,,,,,,,,,,,,,,,,,,,,,,,,,,,,,,,,,,,,,,,,,,,,,,,,,,,,,,,,,,,,,,,,,,,,,,,,,,,,,,,,,,,,,,,,,,,,,,,,,,,,,,,,,,,,,,,,,,,,,,,,,,,,,,,,,,,cb,,,,sc
,,,,,,,,,,,,,,,,,,,,cb,,,,,,,,,,,,,,,,,,,,,,,,,sc,,,,,,,,,,,,,,,,,,,,,,,,,,,,,,Q,,,,,,,,,,,,,,,,,,,,,,,,,,,,,,,,,,,,,,,,,,,,,,,,,,,,,,,,,Q,,,,,,,,,,,,,,,,,,,,,,,,,,,,,,,,,,,,,,,,,,,,,,,,,,,,,,,,,,,,,,,,,,,,,,,,,,,,,,,,,,,,,,,,,,,,,,,,,,,,,,,,,,,,,,,,,,,
,,,,,,,,,,,,ps,,,,,,,,cb,,,,,sm,,,,,,,,,,,,,,,,,,,,,,,,,,,,,,,,,,,,,,,Q,,,,,,,,Q,,Q,,,,,,,,,,,,,,,,,,Q,,Q,,,,,,,,ps,,,,,,,,,,,,,,Q,,,,,,,,Q,,,,,,,sc,,,,,,,,,,,,,,,,,,,,,,,,,,,,,,,,,,,,,,,,,,,,,,,,,,,,,lc,,,,,,,,,,,,,,,,,,,,,,,,,,,,,,,,,,,,,,,,,,,,,,,,,,,sm,,,,,,,,,,,,
,,,,,as,,,,,,,,,,,,lc,,,,,,,,,,,,,,,,,,,,,,,,,,,,,,,,,,,,,,,,,,,,,,,,,,,,lc,,,,,,,,,,,,,,,,,,,,,,,,,,,,as,,,,,,,,,,,,,,,,,,,,,,,sc,,,,,,,sm,,,,,,,,,,,,,,,,,,,,,,,,,,,,,,,,,,,,,,,,,,,,,,,,,,,,,,,,,,,,,,,,,,,,,,,,,,,,,,,,,,,,,,,,,,,,,,,,,,,,,,,,,,,,,,,,,,,,,,,,
,,,,,,,,,,,,,,,,,,,,,,,,,,,,,,,,,,,,,,,,,,,,,,,,,,,,,,,,,,,,,,,,,,,,,,,,,,,,,,,,,,,,,,,,,,,,,,,,,,,,,,,,,,,,,,,,,,,,,,,,,,,,,,,,,,,,,,,,,,,,,,,,,,,,,,,,,,,,,,,,,,,,,,,,,,,,,,,,,,,,,,,,,,,,,,,,,,,,,,,,,,,,,,,,,,,,,,,,,,,,,,,,,,,,,,,,,,,,,,,,,,,,,,,
